,fecha,estacion,año,mes,dia_semana,dias_festivos,temperatura,humedad,velocidad_viento,clientes_casuales,clientes_registrados,total_bicis
0,2018-01-01,invierno,0,1,lunes,New Year's Day,-0.48627370395875125,0.855581878146651,-0.20890882308794095,331,654,985
1,2018-01-02,invierno,0,1,martes,No Festivo,-0.4256900795138502,0.33272231572101857,0.6875500863711644,131,670,801
2,2018-01-03,invierno,0,1,miercoles,No Festivo,-0.9499701176001843,-0.900337429414364,0.6852095422964299,120,1229,1349
3,2018-01-04,invierno,0,1,jueves,No Festivo,-0.9385630408832013,-0.17063232580936002,-0.21043526487581127,108,1454,1562
4,2018-01-05,invierno,0,1,viernes,No Festivo,-0.853991927830475,-0.9018429386969482,0.060294450620880104,82,1518,1600
5,2018-01-06,invierno,0,1,sabado,No Festivo,-0.9249222351721335,-0.5144887402436686,-0.9302115902724953,88,1518,1606
6,2018-01-07,invierno,0,1,domingo,No Festivo,-0.9494744305481263,-0.607701680477094,-0.12464923639749573,148,1362,1510
7,2018-01-08,invierno,0,1,lunes,No Festivo,-1.0483671346935444,-0.4307709898842639,0.8734198147408484,68,891,959
8,2018-01-09,invierno,0,1,martes,No Festivo,-1.1320284423975566,-0.9151352516666011,1.8416520170656192,54,768,822
9,2018-01-10,invierno,0,1,miercoles,No Festivo,-1.0928126946081482,-0.682877094938797,0.4303751739507619,41,1280,1321
10,2018-01-11,invierno,0,1,jueves,No Festivo,-1.035532604757027,0.2863993196622606,-0.5988027608243804,43,1220,1263
11,2018-01-12,invierno,0,1,viernes,No Festivo,-1.0241255280400439,-0.12722982718802056,1.2583171996916585,25,1137,1162
12,2018-01-13,invierno,0,1,sabado,No Festivo,-1.0483671346935444,-0.7424304684587467,1.221407837260953,38,1368,1406
13,2018-01-14,invierno,0,1,domingo,No Festivo,-1.061324017763165,-0.421275800010243,-0.5538643145894762,54,1367,1421
14,2018-01-15,invierno,0,1,lunes,Martin Luther King Jr. Day,-0.8339887591980535,-0.6074444099034877,-0.23417652281648874,222,1026,1248
15,2018-01-16,invierno,0,1,martes,No Festivo,-0.8392154340634258,-0.6789084581274275,0.0758946856929156,251,953,1204
16,2018-01-17,invierno,0,1,miercoles,No Festivo,-1.0143811990293317,-0.42282895199164344,0.13271902531603696,117,883,1000
17,2018-01-18,invierno,0,1,jueves,No Festivo,-0.8862743314107158,1.1215901227156817,-0.34802872763444764,9,674,683
18,2018-01-19,invierno,0,1,viernes,No Festivo,-0.6493892539439277,0.5502207643556386,0.2782398090930136,78,1572,1650
19,2018-01-20,invierno,0,1,sabado,No Festivo,-0.745097639368846,-0.4188603151802739,0.1519216630074464,83,1844,1927
20,2018-01-21,invierno,0,1,domingo,No Festivo,-1.0091513869041362,-0.8059572430599474,1.7530369831404506,75,1468,1543
21,2018-01-22,invierno,0,1,lunes,No Festivo,-1.3805075772667876,-1.077916060711091,-0.09163738866515202,93,888,981
22,2018-01-23,invierno,0,1,martes,No Festivo,-1.2632013540413396,-0.9039153960954425,0.6678182821932935,150,836,986
23,2018-01-24,invierno,0,1,miercoles,No Festivo,-1.260473192899126,-0.640846706043357,-0.2304418285754991,86,1330,1416
24,2018-01-25,invierno,0,1,jueves,No Festivo,-0.8649064547552231,-0.04427436000967136,-0.5208117617427894,186,1799,1985
25,2018-01-26,invierno,0,1,viernes,No Festivo,-0.8836609939780297,1.1255587595270509,1.1486474453724647,34,472,506
26,2018-01-27,invierno,0,1,sabado,No Festivo,-0.9542493399989646,0.2918115302477539,-0.6832149916936125,15,416,431
27,2018-01-28,invierno,0,1,domingo,No Festivo,-0.9276516512182763,0.7946468663610385,-0.5869168674361628,38,1129,1167
28,2018-01-29,invierno,0,1,lunes,No Festivo,-0.9494744305481263,0.12143647501200015,-0.36237728044042944,123,975,1098
29,2018-01-30,invierno,0,1,martes,No Festivo,-0.886729234085073,0.4570078241222129,-1.0887844689636224,140,956,1096
30,2018-01-31,invierno,0,1,miercoles,No Festivo,-0.9986948999135685,-0.1071960723359096,0.06326592396793458,42,1459,1501
31,2018-02-01,invierno,0,2,jueves,No Festivo,-0.963115236259194,0.9686475309766874,-1.3001417046793073,47,1313,1360
32,2018-02-02,invierno,0,2,viernes,No Festivo,-0.7503274514940415,0.7106718454280282,0.8480198233906848,72,1454,1526
33,2018-02-03,invierno,0,2,sabado,No Festivo,-0.9794823207565814,-0.8977027881698413,0.9848297126982145,61,1489,1550
34,2018-02-04,invierno,0,2,domingo,No Festivo,-0.9030994558422836,-0.19549228605152782,-0.5407267389352051,88,1620,1708
35,2018-02-05,invierno,0,2,lunes,No Festivo,-0.8339887591980535,1.4431783397234104,-0.20246723874312772,100,905,1005
36,2018-02-06,invierno,0,2,martes,No Festivo,-0.6692826184825387,-0.27593221873239443,-0.3986557135988154,354,1269,1623
37,2018-02-07,invierno,0,2,miercoles,No Festivo,-0.7137250411373194,0.5339936611389222,-1.3795645061579207,120,1592,1712
38,2018-02-08,invierno,0,2,jueves,No Festivo,-0.8732045069874619,-0.42084225145101795,1.8416520170656192,64,1466,1530
39,2018-02-09,invierno,0,2,viernes,No Festivo,-1.1431657147697487,-0.6263442685237791,0.0800262547987513,53,1552,1605
40,2018-02-10,invierno,0,2,sabado,No Festivo,-1.1131578245612932,-0.8997752455683355,0.41682037087447305,47,1491,1538
41,2018-02-11,invierno,0,2,domingo,No Festivo,-0.9727874082939736,-0.5711692590250158,-0.7370169765767508,149,1597,1746
42,2018-02-12,invierno,0,2,lunes,No Festivo,-0.8679746948622663,-0.3910655646910431,0.22786723009329096,288,1184,1472
43,2018-02-13,invierno,0,2,martes,No Festivo,-0.5730032517698066,-0.804489847936416,0.8131660692343115,397,1192,1589
44,2018-02-14,invierno,0,2,miercoles,No Festivo,-0.2640521789053785,-1.193054170939621,2.411096214169959,208,1705,1913
45,2018-02-15,invierno,0,2,jueves,No Festivo,-0.7312309509505113,-1.4859853046095501,1.1234509795940175,140,1675,1815
46,2018-02-16,invierno,0,2,viernes,No Festivo,-0.5675475569373442,-0.9660605324309806,0.7206433443321946,218,1897,2115
47,2018-02-17,invierno,0,2,sabado,No Festivo,-0.19869364500963907,-0.5776677231435129,0.4999503906418943,259,2216,2475
48,2018-02-18,invierno,0,2,domingo,No Festivo,0.07058991465084659,-0.5220829864349326,0.8542985872781251,579,2348,2927
49,2018-02-19,invierno,0,2,lunes,Washington's Birthday,-0.3137244136853548,-2.088336710009612,3.3224328429215073,532,1103,1635
50,2018-02-20,invierno,0,2,martes,No Festivo,-0.6712151705336008,-1.0406308846177208,0.43004953303601634,639,1173,1812
51,2018-02-21,invierno,0,2,miercoles,No Festivo,-0.6143805715773671,-0.10124073498391463,1.2910746404593574,195,912,1107
52,2018-02-22,invierno,0,2,jueves,No Festivo,-0.9943372460192094,-0.2309336897007205,0.14967270543998412,74,1376,1450
53,2018-02-23,invierno,0,2,viernes,No Festivo,-0.8703621495876855,-0.9681329898294749,-0.8839319105199824,139,1778,1917
54,2018-02-24,invierno,0,2,sabado,No Festivo,-0.6384778642790027,0.3389349236466195,0.7074650635635803,100,1707,1807
55,2018-02-25,invierno,0,2,domingo,No Festivo,-0.4229606634677072,0.4093651253062531,1.6848253877798156,120,1341,1461
56,2018-02-26,invierno,0,2,lunes,No Festivo,-0.6797391054731066,-0.42084225145101795,0.056946454966151056,424,1545,1969
57,2018-02-27,invierno,0,2,martes,No Festivo,-0.48843527597690334,0.25607950613578406,-0.5670934767510194,694,1708,2402
58,2018-02-28,invierno,0,2,miercoles,No Festivo,-0.2882937855588792,1.1916105971654973,1.1062734213411825,81,1365,1446
59,2018-03-01,invierno,0,3,jueves,No Festivo,-0.7294113402530827,-0.4347396266956334,0.36074907586670085,137,1714,1851
60,2018-03-02,invierno,0,3,viernes,No Festivo,-0.5150329647575917,-0.8416892671719174,1.2909423488377418,231,1903,2134
61,2018-03-03,invierno,0,3,sabado,No Festivo,-0.9437928530083968,-1.4669996891313901,0.45568357879365295,123,1562,1685
62,2018-03-04,invierno,0,3,domingo,No Festivo,-0.745097639368846,-0.07543268503530924,0.22765352824298904,214,1730,1944
63,2018-03-05,invierno,0,3,lunes,No Festivo,-0.3607833110326446,0.776180556299973,0.7214574466190588,640,1437,2077
64,2018-03-06,invierno,0,3,martes,No Festivo,-0.38476766238064675,1.5341473088426036,1.651732129818786,114,491,605
65,2018-03-07,invierno,0,3,miercoles,No Festivo,-0.744871756661579,-0.35706297054609243,1.632041030755258,244,1628,1872
66,2018-03-08,invierno,0,3,jueves,No Festivo,-0.64836650724158,-0.9786620262678019,-0.6138840056885396,316,1817,2133
67,2018-03-09,invierno,0,3,viernes,No Festivo,-0.6379100202510121,0.7106718454280282,0.3986557135988154,191,1700,1891
68,2018-03-10,invierno,0,3,sabado,No Festivo,-0.34533544366344093,-2.983624013349484,0.8232812901485991,46,577,623
69,2018-03-11,invierno,0,3,domingo,No Festivo,-0.5730032517698066,0.11107895228941059,0.5291156050688044,247,1730,1977
70,2018-03-12,invierno,0,3,lunes,No Festivo,-0.5333326013060412,-0.15087013434049992,0.4050158877149422,724,1408,2132
71,2018-03-13,invierno,0,3,martes,No Festivo,-0.36021546700465407,-0.47099095622469717,0.9120896733668981,982,1435,2417
72,2018-03-14,invierno,0,3,miercoles,No Festivo,-0.5457247776074942,-0.6159867458011893,-0.4482548954260172,359,1687,2046
73,2018-03-15,invierno,0,3,jueves,No Festivo,-0.5702769729834869,0.14007906305868528,0.0339277128050658,289,1767,2056
74,2018-03-16,invierno,0,3,viernes,No Festivo,-0.4202343846813877,0.7159363636471912,0.2253231604468403,321,1871,2192
75,2018-03-17,invierno,0,3,sabado,No Festivo,-0.2640521789053785,-0.11116470914727912,0.29108227266829656,424,2320,2744
76,2018-03-18,invierno,0,3,domingo,No Festivo,0.12810529898870446,-0.4813484789472868,0.509241332990732,884,2355,3239
77,2018-03-19,invierno,0,3,lunes,No Festivo,-0.0836597390741005,-1.1771700951543802,1.9049179410335537,1424,1693,3117
78,2018-03-20,invierno,0,3,martes,No Festivo,-0.5228761143154733,-0.7265511569433873,0.27217474705587524,1047,1424,2471
79,2018-03-21,primavera,0,3,miercoles,No Festivo,-0.21562857353501716,0.5295057189104587,1.097084241778203,401,1676,2077
80,2018-03-22,primavera,0,3,jueves,No Festivo,-0.1803908712013666,-0.007942037892620442,0.4556428736793097,460,2243,2703
81,2018-03-23,primavera,0,3,viernes,No Festivo,-0.4775207490521553,1.0162902297926473,0.5422531807230754,203,1918,2121
82,2018-03-24,primavera,0,3,sabado,No Festivo,-0.6718959559152248,0.855581878146651,0.6391924105314309,166,1699,1865
83,2018-03-25,primavera,0,3,domingo,No Festivo,-0.7372544898109643,-0.6253104219594727,0.5062698596436775,300,1910,2210
84,2018-03-26,primavera,0,3,lunes,No Festivo,-0.732027814945592,-1.1057060469304405,0.2910008624396101,981,1515,2496
85,2018-03-27,primavera,0,3,martes,No Festivo,-0.7721533680837146,-0.6304891833207674,0.03383612629779359,472,1221,1693
86,2018-03-28,primavera,0,3,miercoles,No Festivo,-0.7366866457829737,-1.5439855261480997,0.3177950039560282,222,1806,2028
87,2018-03-29,primavera,0,3,jueves,No Festivo,-0.6169939090100532,-1.486847637458119,0.4683225167972197,317,2108,2425
88,2018-03-30,primavera,0,3,viernes,No Festivo,-0.6248370585679348,0.09727209817254545,-0.08229556492338533,168,1368,1536
89,2018-03-31,primavera,0,3,sabado,No Festivo,-0.7241846653877103,1.391562239826199,0.3731743120199657,179,1506,1685
90,2018-04-01,primavera,0,4,domingo,No Festivo,-0.6248370585679348,0.2858561928957589,0.7910326633101906,307,1920,2227
91,2018-04-02,primavera,0,4,lunes,No Festivo,-0.577778161220645,0.1310174217438895,0.16456060101101316,898,1354,2252
92,2018-04-03,primavera,0,4,martes,No Festivo,-0.3790860848409172,-0.6967744701834124,0.012598232889223536,1651,1598,3249
93,2018-04-04,primavera,0,4,miercoles,No Festivo,0.23267958067385214,-0.9528539763191964,2.0820258935408615,734,2381,3115
94,2018-04-05,primavera,0,4,jueves,No Festivo,-0.2666655163380647,0.07543268503530891,2.107425884891025,167,1628,1795
95,2018-04-06,primavera,0,4,viernes,No Festivo,-0.3398703370515091,-0.7404485321880028,0.8353503565513609,413,2395,2808
96,2018-04-07,primavera,0,4,sabado,No Festivo,-0.19346383288444363,-0.11116470914727912,-0.18991988724683317,571,2570,3141
97,2018-04-08,primavera,0,4,domingo,No Festivo,-0.5124196273249055,1.0004966751351563,0.46828181168287647,172,1299,1471
98,2018-04-09,primavera,0,4,lunes,No Festivo,-0.49150351608394666,1.1970228077509906,-0.4873623340312565,879,1576,2455
99,2018-04-10,primavera,0,4,martes,No Festivo,-0.22744976854865645,1.101737410119071,-0.3481101378631341,1188,1707,2895
100,2018-04-11,primavera,0,4,miercoles,No Festivo,0.3027000826667963,0.4321478638800451,1.460285800784082,855,2493,3348
101,2018-04-12,primavera,0,4,jueves,No Festivo,0.010458055620479448,0.5379670622201738,0.9555932643212043,257,1777,2034
102,2018-04-13,primavera,0,4,viernes,No Festivo,-0.27189532846326014,0.9191086527478524,0.7086963932724623,209,1953,2162
103,2018-04-14,primavera,0,4,sabado,No Festivo,-0.09934603818986369,-0.408931576747028,-0.7151379776172753,529,2738,3267
104,2018-04-15,primavera,0,4,domingo,No Festivo,-0.16470457208560316,0.2143921446718192,0.4620030477954365,642,2484,3126
105,2018-04-16,primavera,0,4,lunes,No Festivo,-0.21437994412540254,1.2486341433783195,1.6265051352045814,121,674,795
106,2018-04-17,primavera,0,4,martes,No Festivo,-0.1333319738540765,-0.6987611707240379,1.246807828611116,1558,2186,3744
107,2018-04-18,primavera,0,4,miercoles,No Festivo,0.04183065385200609,-0.3990076025836635,-0.17714865762165094,669,2760,3429
108,2018-04-19,primavera,0,4,jueves,No Festivo,0.020914542611047474,0.1885840947232135,-0.23409511258780227,409,2795,3204
109,2018-04-20,primavera,0,4,viernes,No Festivo,0.30065458926210087,-0.057566672979324315,0.6202441798046661,613,3331,3944
110,2018-04-21,primavera,0,4,sabado,No Festivo,-0.1254888242961949,-1.0441707371397466,1.4682640031953516,745,3444,4189
111,2018-04-22,primavera,0,4,domingo,No Festivo,-0.5098031526323962,0.49230629967495737,0.3922548343683457,177,1506,1683
112,2018-04-23,primavera,0,4,lunes,No Festivo,-0.12287548686350874,1.246652207107576,0.5062698596436775,1462,2574,4036
113,2018-04-24,primavera,0,4,martes,No Festivo,0.2588255040400065,0.879403227554631,0.11397432016098859,1710,2481,4191
114,2018-04-25,primavera,0,4,miercoles,No Festivo,0.33725699961882294,0.7166271827800231,0.04434822207692752,773,3300,4073
115,2018-04-26,primavera,0,4,jueves,No Festivo,0.41568849519763973,0.490324363404214,1.480902941198918,678,3722,4400
116,2018-04-27,primavera,0,4,viernes,No Festivo,0.37908608484091766,0.9965280383237871,1.3353821574219416,547,3325,3872
117,2018-04-28,primavera,0,4,sabado,No Festivo,0.37124293528303576,0.35533354057907285,1.4239971913471101,569,3489,4058
118,2018-04-29,primavera,0,4,domingo,No Festivo,0.033987504294124504,-0.8059572430599474,0.6012959490779018,878,3717,4595
119,2018-04-30,primavera,0,4,lunes,No Festivo,-0.0836597390741005,-0.5856097610361333,0.5505366714919189,1965,3347,5312
120,2018-05-01,primavera,0,5,martes,No Festivo,-0.14901827296983997,0.6471450708268268,-0.7593640843511732,1138,2213,3351
121,2018-05-02,primavera,0,5,miercoles,No Festivo,0.15686455978754493,0.49429300021558314,0.025226994614204565,847,3554,4401
122,2018-05-03,primavera,0,5,jueves,No Festivo,0.3686295978503496,0.3374675285230879,1.6454228370955881,603,3848,4451
123,2018-05-04,primavera,0,5,viernes,No Festivo,-0.2666655163380647,0.5280383237869273,1.5063029325490815,255,2378,2633
124,2018-05-05,primavera,0,5,sabado,No Festivo,-0.1254888242961949,-0.8674925528506413,1.1643392669517723,614,3819,4433
125,2018-05-06,primavera,0,5,domingo,No Festivo,-0.06274362783314161,-0.17270478320785435,0.48104286502947297,894,3714,4608
126,2018-05-07,primavera,0,5,lunes,No Festivo,0.06536010252565115,-0.4049629399356585,-0.20886811797359772,1612,3102,4714
127,2018-05-08,primavera,0,5,martes,No Festivo,0.09150288863198236,0.025808049948605374,-1.0821200241177802,1401,2932,4333
128,2018-05-09,primavera,0,5,miercoles,No Festivo,0.1045758503150594,-0.17866012055984934,-0.05062698596436781,664,3698,4362
129,2018-05-10,primavera,0,5,jueves,No Festivo,0.1045758503150594,-0.6531004081788221,-0.6645516967672507,694,4109,4803
130,2018-05-11,primavera,0,5,viernes,No Festivo,0.13594844854658605,0.031763387300600354,-0.6139654159172261,550,3632,4182
131,2018-05-12,primavera,0,5,sabado,No Festivo,0.11241899987294099,0.5776677231435129,0.0884522134677959,695,4169,4864
132,2018-05-13,primavera,0,5,domingo,No Festivo,0.04183065385200609,1.12952739633842,-0.012720348232253239,692,3413,4105
133,2018-05-14,primavera,0,5,lunes,No Festivo,0.06797343995833731,1.4114149524228097,-0.46836322191156293,902,2507,3409
134,2018-05-15,primavera,0,5,martes,No Festivo,0.19869364500963935,1.1473934083944048,-0.2848950952881285,1582,2971,4553
135,2018-05-16,primavera,0,5,miercoles,No Festivo,0.24575254235692917,0.7702252189479779,-0.550577376606262,773,3185,3958
136,2018-05-17,primavera,0,5,jueves,No Festivo,0.1960803075769532,1.008438713027777,0.9807795538210653,678,3445,4123
137,2018-05-18,primavera,0,5,viernes,No Festivo,0.1594778972202311,1.1612907836390207,0.20878670774491123,536,3319,3855
138,2018-05-19,primavera,0,5,sabado,No Festivo,0.09934603818986396,0.9687332878345556,-0.7404463824601663,735,3840,4575
139,2018-05-20,primavera,0,5,domingo,No Festivo,0.11764881199813669,0.44466360085899753,-0.5694849022186831,909,4008,4917
140,2018-05-21,primavera,0,5,lunes,No Festivo,0.32418403793574596,0.0019867005406254646,-0.6138840056885396,2258,3547,5805
141,2018-05-22,primavera,0,5,martes,No Festivo,0.32941385006094137,0.587591697306877,-0.33548137613815304,1576,3084,4660
142,2018-05-23,primavera,0,5,miercoles,No Festivo,0.41568849519763973,0.8754345907432618,0.5379893199956243,836,3438,4274
143,2018-05-24,primavera,0,5,jueves,No Festivo,0.504576477767024,0.5459043358429122,0.2657738678254055,659,3833,4492
144,2018-05-25,primavera,0,5,viernes,No Festivo,0.5071898151997101,0.33349889171171876,-0.2721340419415323,740,4238,4978
145,2018-05-26,primavera,0,5,sabado,No Festivo,0.6562096567994617,0.2441688314317941,0.1899605923611764,758,3919,4677
146,2018-05-27,primavera,0,5,domingo,No Festivo,0.5725514863552726,0.1310174217438895,0.6075645366867561,871,3808,4679
147,2018-05-28,primavera,0,5,lunes,Memorial Day,0.49150351608394693,0.49230629967495737,0.4998282752988646,2001,2757,4758
148,2018-05-29,primavera,0,5,martes,No Festivo,0.528105926440669,0.9171219522072266,0.3354406710238098,2355,2433,4788
149,2018-05-30,primavera,0,5,miercoles,No Festivo,0.7346411523782782,0.279900855543764,-0.5062698596436775,1549,2549,4098
150,2018-05-31,primavera,0,5,jueves,No Festivo,0.8653613574295803,0.04962939935658529,-0.7087370983868054,673,3309,3982
151,2018-06-01,primavera,0,6,viernes,No Festivo,0.8313754217653675,0.2421821308911683,0.2657738678254055,513,3461,3974
152,2018-06-02,primavera,0,6,sabado,No Festivo,0.6771257680404207,-1.5305216994627093,1.132741921942855,736,4232,4968
153,2018-06-03,primavera,0,6,domingo,No Festivo,0.37908608484091766,-1.2962768421942796,0.7341777948513117,898,4414,5312
154,2018-06-04,primavera,0,6,lunes,No Festivo,0.42614498218820746,-0.809925879871317,-0.5885247194527197,1869,3473,5342
155,2018-06-05,primavera,0,6,martes,No Festivo,0.4679740674103019,0.12506208439189453,-0.43028358744349,1685,3221,4906
156,2018-06-06,primavera,0,6,miercoles,No Festivo,0.5620918621048818,-0.12506208439189453,-0.6012043625706296,673,3875,4548
157,2018-06-07,primavera,0,6,jueves,No Festivo,0.6535963193667756,-0.13498605855525903,0.06953451157678885,763,4070,4833
158,2018-06-08,primavera,0,6,viernes,No Festivo,0.8679746948622664,-0.019852712596610398,-0.4493641097918697,676,3725,4401
159,2018-06-09,primavera,0,6,sabado,No Festivo,0.969935639114728,-0.27593221873239443,-0.31640085378977334,563,3352,3915
160,2018-06-10,primavera,0,6,domingo,No Festivo,0.802616160966527,-0.10124073498391463,-0.41133535671672544,815,3771,4586
161,2018-06-11,primavera,0,6,lunes,No Festivo,0.7084983662719473,0.1349860585552587,-0.265855278054092,1729,3237,4966
162,2018-06-12,primavera,0,6,martes,No Festivo,0.6065374220194855,0.5796544236841387,-0.17714865762165094,1467,2993,4460
163,2018-06-13,primavera,0,6,miercoles,No Festivo,0.42614498218820746,-0.6272971225000982,1.265674649109194,863,4157,5020
164,2018-06-14,primavera,0,6,jueves,No Festivo,0.32941385006094137,-0.5677437489801483,0.8986468093550529,727,4164,4891
165,2018-06-15,primavera,0,6,viernes,No Festivo,0.40000219608187626,-0.7364751311067518,-0.13293272716633886,769,4411,5180
166,2018-06-16,primavera,0,6,sabado,No Festivo,0.4052288709472486,0.2957801670591231,0.25945439882362226,545,3222,3767
167,2018-06-17,primavera,0,6,domingo,No Festivo,0.47059054210281115,0.5220829864349322,-0.3861490672168641,863,3981,4844
168,2018-06-18,primavera,0,6,lunes,No Festivo,0.6196103837025628,0.21042350786045003,-0.6265229436921064,1807,3312,5119
169,2018-06-19,primavera,0,6,martes,No Festivo,0.6274535332604444,0.1925574958044651,-0.8036716013137576,1639,3105,4744
170,2018-06-20,primavera,0,6,miercoles,No Festivo,0.42614498218820746,0.5717123857915178,-0.25949510393796554,699,3311,4010
171,2018-06-21,verano,0,6,jueves,No Festivo,0.5699350116627634,0.6868504960200482,-0.10125397192873561,774,4061,4835
172,2018-06-22,verano,0,6,viernes,No Festivo,0.7346411523782782,0.38709692787967354,-0.08866591531809782,661,3846,4507
173,2018-06-23,verano,0,6,sabado,No Festivo,0.7189548532625151,0.36724421528306284,0.5884840143383764,746,4044,4790
174,2018-06-24,verano,0,6,domingo,No Festivo,0.7058850288392612,-0.2521108693244145,0.41773623594719517,969,4022,4991
175,2018-06-25,verano,0,6,lunes,No Festivo,0.6143805715773674,-0.680895158668053,0.2910008624396101,1782,3420,5202
176,2018-06-26,verano,0,6,martes,No Festivo,0.5673216742300773,-0.5379670622201734,-0.8796548206303696,1920,3385,5305
177,2018-06-27,verano,0,6,miercoles,No Festivo,0.5751648237879591,0.15285207061124362,-0.7468065565762929,854,3854,4708
178,2018-06-28,verano,0,6,jueves,No Festivo,0.7686302253023142,0.037718724652595334,-0.37338801387026765,732,3916,4648
179,2018-06-29,verano,0,6,viernes,No Festivo,0.7189548532625151,-0.6114130467148573,0.8227114185477944,848,4377,5225
180,2018-06-30,verano,0,6,sabado,No Festivo,0.6196103837025628,-0.9151352516666011,0.04413452022662561,1027,4488,5515
181,2018-07-01,verano,0,7,domingo,No Festivo,0.7006552167140655,-1.095782072767076,-0.7974844239335895,1246,4116,5362
182,2018-07-02,verano,0,7,lunes,No Festivo,0.7503274514940417,-0.8655106165798973,-0.6707490504260045,2204,2915,5119
183,2018-07-03,verano,0,7,martes,No Festivo,0.6823555801656161,0.267990180839774,0.48727074752398425,2282,2367,4649
184,2018-07-04,verano,0,7,miercoles,Independence Day,0.7137281783971428,0.05558473670858027,-1.0124969789172948,3065,2978,6043
185,2018-07-05,verano,0,7,jueves,No Festivo,0.7764733748601961,-0.1707180826672289,-0.5568154353793588,1031,3634,4665
186,2018-07-06,verano,0,7,viernes,No Festivo,0.6928120671561838,0.5578150105469021,-0.31640085378977334,784,3845,4629
187,2018-07-07,verano,0,7,sabado,No Festivo,0.7869298618507639,0.11910674703989955,-0.22158846620585096,754,3838,4592
188,2018-07-08,verano,0,7,domingo,No Festivo,0.658826131491971,0.6272971225000985,0.44932340467752646,692,3348,4040
189,2018-07-09,verano,0,7,lunes,No Festivo,0.7346411523782782,-0.08138802238730422,-0.13293272716633886,1988,3348,5336
190,2018-07-10,verano,0,7,martes,No Festivo,0.7790867122928822,-0.22828951991643462,0.025399991350163242,1743,3138,4881
191,2018-07-11,verano,0,7,miercoles,No Festivo,0.826145609640172,0.045655998275334356,1.0314879500141194,723,3363,4086
192,2018-07-12,verano,0,7,jueves,No Festivo,0.9254932164599476,-0.31960151646710333,0.19618847485568772,662,3596,4258
193,2018-07-13,verano,0,7,viernes,No Festivo,0.7764733748601961,0.025808049948605374,-0.3545618984865331,748,3594,4342
194,2018-07-14,verano,0,7,sabado,No Festivo,0.5699350116627634,-0.7146404822393974,0.6074424213437267,888,4196,5084
195,2018-07-15,verano,0,7,domingo,No Festivo,0.515032964757592,-0.16674944585585938,0.018907525612421046,1318,4220,5538
196,2018-07-16,verano,0,7,lunes,No Festivo,0.5882377854710361,-0.19652613261583426,0.2784942160576588,2418,3505,5923
197,2018-07-17,verano,0,7,martes,No Festivo,0.6901987297234977,-0.10520937179528414,0.651872053649341,2006,3296,5302
198,2018-07-18,verano,0,7,miercoles,No Festivo,0.7764733748601961,0.11910674703989955,0.3544296068649176,841,3617,4458
199,2018-07-19,verano,0,7,jueves,No Festivo,0.870591169554776,0.11513811022853038,-0.5126300337598043,752,3789,4541
200,2018-07-20,verano,0,7,viernes,No Festivo,0.8444452461886217,0.38511022733904776,-0.6834185172653287,644,3688,4332
201,2018-07-21,verano,0,7,sabado,No Festivo,0.9908517503556868,0.30967754230373884,0.41769553083285194,632,3152,3784
202,2018-07-22,verano,0,7,domingo,No Festivo,1.0954260320408347,-0.21836078148318872,-0.4871893372952978,562,2825,3387
203,2018-07-23,verano,0,7,lunes,No Festivo,1.098042506733344,-0.6014890725514928,-0.5063105647580207,987,2298,3285
204,2018-07-24,verano,0,7,martes,No Festivo,1.037910647702977,-0.3593069416603241,-0.12012079242681342,1050,2556,3606
205,2018-07-25,verano,0,7,miercoles,No Festivo,0.7660137506098049,0.6233237214188468,-0.917561458362484,568,3272,3840
206,2018-07-26,verano,0,7,jueves,No Festivo,0.8549048704390125,-0.40694964047628396,0.19622917997003095,750,3840,4590
207,2018-07-27,verano,0,7,viernes,No Festivo,0.8653613574295803,-1.0640186854664755,0.025318581121476773,755,3901,4656
208,2018-07-28,verano,0,7,sabado,No Festivo,0.8784343191126576,-0.2044681705084547,-0.025399991350163242,606,3784,4390
209,2018-07-29,verano,0,7,domingo,No Festivo,1.0640534338093082,-0.3990076025836635,-0.06957521669113209,670,3176,3846
210,2018-07-30,verano,0,7,lunes,No Festivo,0.956865814691474,-0.7642698815959826,-0.1265725530502124,1559,2916,4475
211,2018-07-31,verano,0,7,martes,No Festivo,0.9620924895568463,-0.6928058333720429,-0.16446901450374093,1524,2778,4302
212,2018-08-01,verano,0,8,miercoles,No Festivo,0.8549048704390125,-0.3593069416603241,-0.24685616593439874,729,3537,4266
213,2018-08-02,verano,0,8,jueves,No Festivo,0.8915041435359115,-0.6431764340154577,0.25313492982183877,801,4044,4845
214,2018-08-03,verano,0,8,viernes,No Festivo,0.7294144775129059,0.14888343379987445,-0.46192163756675003,467,3107,3574
215,2018-08-04,verano,0,8,sabado,No Festivo,0.6614394689246572,0.6253104219594727,0.1646013061253564,799,3777,4576
216,2018-08-05,verano,0,8,domingo,No Festivo,0.6640528063573433,0.021834648867354447,0.03786593261777133,1023,3843,4866
217,2018-08-06,verano,0,8,lunes,No Festivo,0.6823555801656161,0.6133997472554827,0.4810835701438162,1521,2773,4294
218,2018-08-07,verano,0,8,martes,No Festivo,0.7634004131771187,0.6034757730921185,0.20873582635198226,1298,2487,3785
219,2018-08-08,verano,0,8,miercoles,No Festivo,0.8339887591980536,-0.16278080904448985,0.11397432016098859,846,3480,4326
220,2018-08-09,verano,0,8,jueves,No Festivo,0.8653613574295803,-0.26600348029914855,-0.3038026209005498,907,3695,4602
221,2018-08-10,verano,0,8,viernes,No Festivo,0.8392185713232494,-0.962777950482561,0.19622917997003095,884,3896,4780
222,2018-08-11,verano,0,8,sabado,No Festivo,0.6849689175983023,-0.9647646510231864,-0.16464201123969963,812,3980,4792
223,2018-08-12,verano,0,8,domingo,No Festivo,0.6562096567994617,-1.0064520124871512,-0.563297724838515,1051,3854,4905
224,2018-08-13,verano,0,8,lunes,No Festivo,0.5856213107785269,0.49230629967495737,0.31016279501667626,1504,2646,4150
225,2018-08-14,verano,0,8,martes,No Festivo,0.5568651872395095,0.9111666148552316,0.4239234133273632,1338,2482,3820
226,2018-08-15,verano,0,8,miercoles,No Festivo,0.5228761143154735,0.4089315767470277,0.2847220985521698,775,3563,4338
227,2018-08-16,verano,0,8,jueves,No Festivo,0.6326802081258167,-0.22828951991643462,0.563297724838515,721,4004,4725
228,2018-08-17,verano,0,8,viernes,No Festivo,0.7032685541467516,-0.24218213089116863,-0.37965660147912217,668,4026,4694
229,2018-08-18,verano,0,8,sabado,No Festivo,0.6666692810498527,0.1349860585552587,0.5315375593722254,639,3166,3805
230,2018-08-19,verano,0,8,domingo,No Festivo,0.5830079733458408,0.4605476766442391,-0.4240149998346354,797,3356,4153
231,2018-08-20,verano,0,8,lunes,No Festivo,0.6222237211352489,0.22828951991643495,-0.7785667220425826,1914,3277,5191
232,2018-08-21,verano,0,8,martes,No Festivo,0.6640528063573433,0.6848637954794224,0.689737986267112,1249,2624,3873
233,2018-08-22,verano,0,8,miercoles,No Festivo,0.6039240845867994,-0.7444171689993723,0.9746330815552405,833,3925,4758
234,2018-08-23,verano,0,8,jueves,No Festivo,0.4444446187366568,-0.8138945166826865,-0.34815084297747734,1281,4614,5895
235,2018-08-24,verano,0,8,viernes,No Festivo,0.5464055629891187,-0.10124073498391463,0.7340455032296963,949,4181,5130
236,2018-08-25,verano,0,8,sabado,No Festivo,0.5803946359131545,0.6928058333720433,0.30384332601489306,435,3107,3542
237,2018-08-26,verano,0,8,domingo,No Festivo,0.6300668706931306,0.6431764340154577,-0.9872262263051713,768,3893,4661
238,2018-08-27,verano,0,8,lunes,No Festivo,0.5673216742300773,1.066005386007101,1.9807312164977828,226,889,1115
239,2018-08-28,verano,0,8,martes,No Festivo,0.6522127877847654,-0.30722394331471703,1.2586428406064043,1415,2919,4334
240,2018-08-29,verano,0,8,miercoles,No Festivo,0.4313747943134029,-0.3414409296043392,-0.2152282920897242,729,3905,4634
241,2018-08-30,verano,0,8,jueves,No Festivo,0.4392179438712845,-0.3712176163643141,-0.5695357836116121,775,4429,5204
242,2018-08-31,verano,0,8,viernes,No Festivo,0.4941199907764562,-0.13498605855525903,-0.9936291407913583,688,4370,5058
243,2018-09-01,verano,0,9,sabado,No Festivo,0.4888901786512608,0.061540074060575246,-0.39869641871315864,783,4332,5115
244,2018-09-02,verano,0,9,domingo,No Festivo,0.4522877682945387,0.4803956249709674,-0.4176955308328522,875,3852,4727
245,2018-09-03,verano,0,9,lunes,Labor Day,0.5333357385658645,0.4307709898842642,0.04426681184824105,1935,2549,4484
246,2018-09-04,verano,0,9,martes,No Festivo,0.658826131491971,0.5518596731949071,0.259413693709279,2521,2419,4940
247,2018-09-05,verano,0,9,miercoles,No Festivo,0.5464055629891187,0.7821358936519679,0.32280173302024306,1236,2115,3351
248,2018-09-06,verano,0,9,jueves,No Festivo,0.12810529898870446,1.2420785080212438,1.658407768571072,204,2506,2710
249,2018-09-07,verano,0,9,viernes,No Festivo,0.3137275509451782,1.3856069024742041,-0.8543413276481857,118,1878,1996
250,2018-09-08,verano,0,9,sabado,No Festivo,0.42273478076044047,1.4927172179522454,0.11980532779065356,153,1689,1842
251,2018-09-09,verano,0,9,domingo,No Festivo,0.4732038795354973,1.294294905923536,-0.5759366628420821,417,3127,3544
252,2018-09-10,verano,0,9,lunes,No Festivo,0.504576477767024,0.6074444099034877,-0.2784942160576588,1750,3595,5345
253,2018-09-11,verano,0,9,martes,No Festivo,0.48366036652606537,0.41687361463964845,-0.6708304606546908,1633,3413,5046
254,2018-09-12,verano,0,9,miercoles,No Festivo,0.45547208701503866,0.31407972767433345,-0.9368485591661557,690,4023,4713
255,2018-09-13,verano,0,9,jueves,No Festivo,0.47581721696818347,0.41091827728765346,-0.3986150084844722,701,4062,4763
256,2018-09-14,verano,0,9,viernes,No Festivo,0.5464055629891187,0.3374675285230879,-0.13916060966085017,647,4138,4785
257,2018-09-15,verano,0,9,sabado,No Festivo,0.24575254235692917,0.39503896577229436,0.9176052163604033,428,3231,3659
258,2018-09-16,verano,0,9,domingo,No Festivo,-0.09411622606466825,-0.1707180826672289,-0.17088007001279668,742,4018,4760
259,2018-09-17,verano,0,9,lunes,No Festivo,-0.02352788004373336,0.43870826350700254,0.08853362369648238,1434,3077,4511
260,2018-09-18,verano,0,9,martes,No Festivo,0.02614435473624291,0.32754355435972377,-0.025359286235820008,1353,2921,4274
261,2018-09-19,verano,0,9,miercoles,No Festivo,0.15686455978754493,0.30372220495174385,-0.2974831518987663,691,3848,4539
262,2018-09-20,verano,0,9,jueves,No Festivo,0.1960803075769532,1.2148888198069754,-0.4683225167972197,438,3203,3641
263,2018-09-21,verano,0,9,viernes,No Festivo,0.30065458926210087,1.3042188800869001,-0.8606160210241915,539,3813,4352
264,2018-09-22,verano,0,9,sabado,No Festivo,0.4052288709472486,1.3141428542502642,-0.5378163232596657,555,4240,4795
265,2018-09-23,otoño,0,9,domingo,No Festivo,0.34510014917670484,1.6496284465026088,-1.0441706460156053,258,2137,2395
266,2018-09-24,otoño,0,9,lunes,No Festivo,0.33725699961882294,1.1255587595270509,-1.044001719791081,1776,3647,5423
267,2018-09-25,otoño,0,9,martes,No Festivo,0.4235316447555213,1.042184036599121,-1.3289792429357548,1544,3466,5010
268,2018-09-26,otoño,0,9,miercoles,No Festivo,0.47059054210281115,1.0580633481144803,-0.7151379776172753,684,3946,4630
269,2018-09-27,otoño,0,9,jueves,No Festivo,0.4313747943134029,1.2347415324035862,-0.6391110003027444,477,3643,4120
270,2018-09-28,otoño,0,9,viernes,No Festivo,0.42614498218820746,1.060050048655106,-0.32916190713636984,480,3427,3907
271,2018-09-29,otoño,0,9,sabado,No Festivo,0.3686295978503496,0.3473962669563345,-0.0823464463163143,653,4186,4839
272,2018-09-30,otoño,0,9,domingo,No Festivo,0.20392345713483478,0.10124073498391463,0.25949510393796527,830,4372,5202
273,2018-10-01,otoño,0,10,lunes,No Festivo,-0.279738478021142,0.6074444099034877,1.1328335084501273,480,1949,2429
274,2018-10-02,otoño,0,10,martes,No Festivo,-0.44705795616934285,0.7880912310039628,0.4176141206041657,616,2302,2918
275,2018-10-03,otoño,0,10,miercoles,No Festivo,-0.3607833110326446,0.6411897334748318,-0.9935019373090358,330,3240,3570
276,2018-10-04,otoño,0,10,jueves,No Festivo,-0.047057328717378145,0.3990076025836635,0.253175634936182,486,3970,4456
277,2018-10-05,otoño,0,10,viernes,No Festivo,0.12287548686350902,0.10322743552454043,-0.03790663773211457,559,4267,4826
278,2018-10-06,otoño,0,10,sabado,No Festivo,-0.015684730485851766,-0.025808049948605374,-0.4683225167972197,639,4126,4765
279,2018-10-07,otoño,0,10,domingo,No Festivo,0.03660084172681066,0.27593221873239476,-1.6137878398559038,949,4036,4985
280,2018-10-08,otoño,0,10,lunes,Columbus Day,0.07058991465084659,0.3573202411196987,-1.3796062289001223,2235,3174,5409
281,2018-10-09,otoño,0,10,martes,No Festivo,0.13071863642139062,0.4823823255115932,-1.1959671407964465,2397,3114,5511
282,2018-10-10,otoño,0,10,miercoles,No Festivo,0.22483643111597054,0.5121590122715681,-1.4111526925161104,1514,3603,5117
283,2018-10-11,otoño,0,10,jueves,No Festivo,0.21176660669271638,0.8694792533912667,-0.38601677559524866,667,3896,4563
284,2018-10-12,otoño,0,10,viernes,No Festivo,0.1385617859792722,1.333995566846875,0.6835915140012871,217,2199,2416
285,2018-10-13,otoño,0,10,sabado,No Festivo,0.2823549527136515,1.288339568571541,-0.3987880052204309,290,2623,2913
286,2018-10-14,otoño,0,10,domingo,No Festivo,0.16209123465291725,0.4287842893436384,0.4366437615596165,529,3115,3644
287,2018-10-15,otoño,0,10,lunes,No Festivo,0.023531017303556747,-0.680895158668053,0.7846724891940644,1899,3318,5217
288,2018-10-16,otoño,0,10,martes,No Festivo,0.039217316419319935,-0.6650110828828121,1.025178657290922,1748,3293,5041
289,2018-10-17,otoño,0,10,miercoles,No Festivo,0.10980566244025483,-0.22233418256443965,-0.056946454966151056,713,3857,4570
290,2018-10-18,otoño,0,10,jueves,No Festivo,0.1045758503150594,0.35930694166032445,-0.7213760363903722,637,4111,4748
291,2018-10-19,otoño,0,10,viernes,No Festivo,0.1335609938211669,1.2814313772432264,0.6346334377249908,254,2170,2424
292,2018-10-20,otoño,0,10,sabado,No Festivo,-0.07320325208353247,0.047642698815959825,2.455536022754159,471,3724,4195
293,2018-10-21,otoño,0,10,domingo,No Festivo,-0.2248364311159703,-0.2481374682431636,0.41133535671672544,676,3628,4304
294,2018-10-22,otoño,0,10,lunes,No Festivo,-0.24052273023173348,0.01389737524461542,-0.8986498622386286,1499,2809,4308
295,2018-10-23,otoño,0,10,martes,No Festivo,-0.24313606766441964,0.547891036383538,-0.8289850942959414,1619,2762,4381
296,2018-10-24,otoño,0,10,miercoles,No Festivo,-0.11241899987294099,0.6947877696427867,-0.6327915313009609,699,3488,4187
297,2018-10-25,otoño,0,10,jueves,No Festivo,-0.08627307650678666,-0.01587931151535947,-0.14569378051293536,695,3992,4687
298,2018-10-26,otoño,0,10,viernes,No Festivo,-0.047057328717378145,0.44863700194024914,-0.32902961551475435,404,3490,3894
299,2018-10-27,otoño,0,10,sabado,No Festivo,-0.0915028886319821,0.8893319659878776,0.17083936489845344,240,2419,2659
300,2018-10-28,otoño,0,10,domingo,No Festivo,-0.5281059264406689,-0.19255749580446477,0.4935902165257675,456,3291,3747
301,2018-10-29,otoño,0,10,lunes,No Festivo,-0.7686270880424909,1.2208441571589705,1.7339971659064137,57,570,627
302,2018-10-30,otoño,0,10,martes,No Festivo,-0.5647051995375678,-0.011910674703989956,-0.04434822207692752,885,2446,3331
303,2018-10-31,otoño,0,10,miercoles,No Festivo,-0.4993466656418284,0.36724421528306284,-0.7594047894655164,362,3307,3669
304,2018-11-01,otoño,0,11,jueves,No Festivo,-0.3084977388199825,0.273945518191769,-0.4620437529097797,410,3658,4068
305,2018-11-02,otoño,0,11,viernes,No Festivo,-0.38169942227360354,0.44069496404762837,-1.0062640082834906,370,3816,4186
306,2018-11-03,otoño,0,11,sabado,No Festivo,-0.2849682901463374,0.36128887793106784,-0.4493641097918697,318,3656,3974
307,2018-11-04,otoño,0,11,domingo,No Festivo,-0.3006545892621006,-0.017866012055984933,0.9240468007052159,470,3576,4046
308,2018-11-05,otoño,0,11,lunes,No Festivo,-0.5411757508639228,-0.5101723117309427,0.08229556492338533,1156,2770,3926
309,2018-11-06,otoño,0,11,martes,No Festivo,-0.4732038795354972,0.5161276490829373,-0.9048828328724327,952,2697,3649
310,2018-11-07,otoño,0,11,miercoles,No Festivo,-0.32679737536843184,0.6312657593114677,-1.2593144749930674,373,3662,4035
311,2018-11-08,otoño,0,11,jueves,No Festivo,-0.2849682901463374,0.45459233929224413,-1.1391071841982745,376,3829,4205
312,2018-11-09,otoño,0,11,viernes,No Festivo,-0.31111107625266865,0.6292790587708419,-1.20873022939876,305,3804,4109
313,2018-11-10,otoño,0,11,sabado,No Festivo,-0.3738562727157218,0.8913139022586208,0.0823464463163143,190,2743,2933
314,2018-11-11,otoño,0,11,domingo,Veterans Day,-0.5490189004218046,-0.8575685786872768,1.3605684469218027,440,2928,3368
315,2018-11-12,otoño,0,11,lunes,Veterans Day (Observed),-0.44705795616934285,-0.34937820322707824,0.31634997239684437,1275,2792,4067
316,2018-11-13,otoño,0,11,martes,No Festivo,-0.18300734589387588,-0.8000019057079525,1.025219362405265,1004,2713,3717
317,2018-11-14,otoño,0,11,miercoles,No Festivo,0.0967327007571778,-0.18660215845246977,1.2783542922271038,595,3891,4486
318,2018-11-15,otoño,0,11,jueves,No Festivo,0.0967327007571778,0.2977668675997489,0.18986900585390418,449,3746,4195
319,2018-11-16,otoño,0,11,viernes,No Festivo,-0.1333319738540765,1.4471469765347795,-0.44924199444884,145,1672,1817
320,2018-11-17,otoño,0,11,sabado,No Festivo,-0.4941168535166328,-0.24020019462042458,1.2657967644522239,139,2914,3053
321,2018-11-18,otoño,0,11,domingo,No Festivo,-0.7058818915794376,-1.0302733618951312,-0.12661325816455563,245,3147,3392
322,2018-11-19,otoño,0,11,lunes,No Festivo,-0.5333326013060412,-0.5915650983881283,0.4428818203327135,943,2720,3663
323,2018-11-20,otoño,0,11,martes,No Festivo,-0.11241899987294099,0.27791415500313815,0.05062698596436781,787,2733,3520
324,2018-11-21,otoño,0,11,miercoles,No Festivo,-0.162091234652917,1.35186157890286,-0.4367760531812319,220,2545,2765
325,2018-11-22,otoño,0,11,jueves,Thanksgiving,-0.2588223667801831,1.601985747686649,-0.6327915313009609,69,1538,1607
326,2018-11-23,otoño,0,11,viernes,No Festivo,-0.18300734589387588,0.6272971225000985,1.5757967390115268,112,2454,2566
327,2018-11-24,otoño,0,11,sabado,No Festivo,-0.3947723839566806,-0.36724421528306317,-0.13911990454650694,560,935,1495
328,2018-11-25,otoño,0,11,domingo,No Festivo,-0.3895425718314851,0.08337472292792969,-0.8352608052998058,1095,1697,2792
329,2018-11-26,otoño,0,11,lunes,No Festivo,-0.38692923439879895,0.26402154402840483,-1.145382895202139,1249,1819,3068
330,2018-11-27,otoño,0,11,martes,No Festivo,-0.1254888242961949,0.3434228658750829,0.2847220985521698,810,2261,3071
331,2018-11-28,otoño,0,11,miercoles,No Festivo,0.013526295727522784,0.5564333722812395,-0.3953789518941871,253,3614,3867
332,2018-11-29,otoño,0,11,jueves,No Festivo,-0.12810529898870418,0.9746886251865505,0.7847640757013363,96,2818,2914
333,2018-11-30,otoño,0,11,viernes,No Festivo,-0.5464055629891184,-0.061540074060575246,0.9177273317034327,188,3425,3613
334,2018-12-01,otoño,0,12,sabado,No Festivo,-0.5856213107785266,-0.48436902605221865,0.39873712382750187,182,3545,3727
335,2018-12-02,otoño,0,12,domingo,No Festivo,-0.5803914986533312,-0.0019867005406254646,-0.8163512444316676,268,3672,3940
336,2018-12-03,otoño,0,12,lunes,No Festivo,-0.627450396000621,-0.0635220103313193,-0.8669344723981164,706,2908,3614
337,2018-12-04,otoño,0,12,martes,No Festivo,-0.5281059264406689,0.7126537816987716,-0.9872689666752317,634,2851,3485
338,2018-12-05,otoño,0,12,miercoles,No Festivo,-0.3555566361672723,0.9568226131305656,-1.2086030259164375,233,3578,3811
339,2018-12-06,otoño,0,12,jueves,No Festivo,-0.11503233730562715,1.5404456736260734,0.5251773852560988,126,2468,2594
340,2018-12-07,otoño,0,12,viernes,No Festivo,-0.279738478021142,1.6397044723392447,0.8670189355103787,50,655,705
341,2018-12-08,otoño,0,12,sabado,No Festivo,-0.732027814945592,-0.22034748202381418,0.6012450676849729,150,3172,3322
342,2018-12-09,otoño,0,12,domingo,No Festivo,-0.6535963193667753,0.331512191171093,-0.9999038341673641,261,3359,3620
343,2018-12-10,otoño,0,12,lunes,No Festivo,-0.7032685541467515,-0.5657570484395229,0.5316698509938408,502,2688,3190
344,2018-12-11,otoño,0,12,martes,No Festivo,-0.8732045069874619,-0.6491317713674526,-1.1645051402927207,377,2366,2743
345,2018-12-12,otoño,0,12,miercoles,No Festivo,-0.8183024600822901,0.2124054441311934,-1.1959671407964465,143,3167,3310
346,2018-12-13,otoño,0,12,jueves,No Festivo,-0.6797391054731066,-0.17270478320785435,-0.4113760618310687,155,3368,3523
347,2018-12-14,otoño,0,12,viernes,No Festivo,-0.5699350116627633,0.17866012055984934,-1.2213233741486909,178,3562,3740
348,2018-12-15,otoño,0,12,sabado,No Festivo,-0.24052273023173348,0.037718724652595334,0.8860180476300719,181,3528,3709
349,2018-12-16,otoño,0,12,domingo,No Festivo,-0.3895425718314851,-0.5995023720108673,0.8100317754298844,178,3399,3577
350,2018-12-17,otoño,0,12,lunes,No Festivo,-0.7555572636192369,-0.31166424284436434,0.6328831178082331,275,2464,2739
351,2018-12-18,otoño,0,12,martes,No Festivo,-0.8183024600822901,-0.1905707952638393,-0.11393361504664562,220,2211,2431
352,2018-12-19,otoño,0,12,miercoles,No Festivo,-0.698038742021556,0.0535980361679548,-0.08221415469469885,260,3143,3403
353,2018-12-20,otoño,0,12,jueves,No Festivo,-0.3555566361672723,-0.14689673325924898,-1.2150904035148864,216,3534,3750
354,2018-12-21,invierno,0,12,viernes,No Festivo,-0.22222309368328413,1.10570604693044,0.4113760618310687,107,2553,2660
355,2018-12-22,invierno,0,12,sabado,No Festivo,-0.2379093927990473,0.6253104219594727,-1.360568446921803,227,2841,3068
356,2018-12-23,invierno,0,12,domingo,No Festivo,-0.3947723839566806,0.2858561928957589,0.949151679976391,163,2046,2209
357,2018-12-24,invierno,0,12,lunes,No Festivo,-0.6169939090100532,-0.3990076025836635,0.09493450292695209,155,856,1011
358,2018-12-25,invierno,0,12,martes,Christmas Day,-0.7039493395283757,0.262292114061385,-0.2634027949149136,303,451,754
359,2018-12-26,invierno,0,12,miercoles,No Festivo,-0.556636167272419,-0.5683440469852294,0.595210534483592,430,887,1317
360,2018-12-27,invierno,0,12,jueves,No Festivo,-0.5464055629891184,0.6491317713674526,0.07606768242887428,103,1059,1162
361,2018-12-28,invierno,0,12,viernes,No Festivo,-0.6275664746140778,-0.5828464845048076,1.1497770122954887,255,2047,2302
362,2018-12-29,invierno,0,12,sabado,No Festivo,-0.7869298618507635,-0.2481374682431636,-0.6264822385777634,254,2169,2423
363,2018-12-30,invierno,0,12,domingo,No Festivo,-0.5882346482112127,0.04962939935658529,-0.47460128068466,491,2508,2999
364,2018-12-31,invierno,0,12,lunes,No Festivo,-0.279738478021142,-0.04962939935658529,0.39869641871315864,665,1820,2485
365,2019-01-01,invierno,1,1,martes,New Year's Day,-0.40522887094724847,0.31563287965573383,0.11389290993230239,686,1608,2294
366,2019-01-02,invierno,1,1,miercoles,No Festivo,-0.7094081716206613,-1.1669888504174093,1.513110862922983,244,1707,1951
367,2019-01-03,invierno,1,1,jueves,No Festivo,-1.0954260320408344,-0.8813899280952567,1.8795179496833903,89,2147,2236
368,2019-01-04,invierno,1,1,viernes,No Festivo,-1.2287595745248228,-1.0084387130277768,0.03790663773211457,95,2273,2368
369,2019-01-05,invierno,1,1,sabado,No Festivo,-0.732027814945592,-0.4863509623229627,-0.5188680925329011,140,3132,3272
370,2019-01-06,invierno,1,1,domingo,No Festivo,-0.5176463021902779,-0.40099430312428896,-0.13297343228068212,307,3791,4098
371,2019-01-07,invierno,1,1,lunes,No Festivo,-0.33202718749362725,-0.45061893821099286,-0.06326592396793458,1070,3451,4521
372,2019-01-08,invierno,1,1,martes,No Festivo,-0.50718981519971,-0.7682385184073521,0.10753273581617563,599,2826,3425
373,2019-01-09,invierno,1,1,miercoles,No Festivo,-0.8627448827370708,0.35930694166032445,-0.8352180649297456,106,2270,2376
374,2019-01-10,invierno,1,1,jueves,No Festivo,-0.5975554471457994,0.09658127903971345,0.06692938425882348,173,3425,3598
375,2019-01-11,invierno,1,1,viernes,No Festivo,-0.7058818915794376,1.0540947113031112,-0.5063105647580207,92,2085,2177
376,2019-01-12,invierno,1,1,sabado,No Festivo,-0.3660131231578402,0.8416892671719177,-8.141022868646821e-05,269,3828,4097
377,2019-01-13,invierno,1,1,domingo,No Festivo,-0.7058818915794376,-0.5657570484395229,2.0060803264550167,174,3040,3214
378,2019-01-14,invierno,1,1,lunes,No Festivo,-1.0013082373462547,-0.803970542519322,0.06317433746066237,333,2160,2493
379,2019-01-15,invierno,1,1,martes,No Festivo,-1.0431373225683491,-0.9865992998905408,0.7152193878459614,284,2027,2311
380,2019-01-16,invierno,1,1,miercoles,No Festivo,-0.969935639114728,-0.49429300021558314,0.5127114439884904,217,2081,2298
381,2019-01-17,invierno,1,1,jueves,No Festivo,-0.3956821893053949,0.4280077133529382,1.7111921255956302,127,2808,2935
382,2019-01-18,invierno,1,1,viernes,No Festivo,-0.6143805715773671,-0.8714659539318922,2.385869219555754,109,3267,3376
383,2019-01-19,invierno,1,1,sabado,No Festivo,-0.969935639114728,-0.6133997472554827,0.39873712382750187,130,3162,3292
384,2019-01-20,invierno,1,1,domingo,No Festivo,-0.8836609939780297,-0.8397025666312918,0.22158846620585096,115,3048,3163
385,2019-01-21,invierno,1,1,lunes,Martin Luther King Jr. Day,-1.0222243485872133,0.9766753257271764,0.4240149998346354,67,1234,1301
386,2019-01-22,invierno,1,1,martes,No Festivo,-1.0562102842514263,0.809925879871317,0.18991988724683317,196,1781,1977
387,2019-01-23,invierno,1,1,miercoles,No Festivo,-0.8810476565453434,1.357816916254855,-0.7150565673885888,145,2287,2432
388,2019-01-24,invierno,1,1,jueves,No Festivo,-0.49150351608394666,0.9985099745945305,-0.5821645453365931,439,3900,4339
389,2019-01-25,invierno,1,1,viernes,No Festivo,-0.6431366951163844,0.08337472292792969,-0.20254864897181418,467,3803,4270
390,2019-01-26,invierno,1,1,sabado,No Festivo,-0.4941168535166328,0.6828770949387967,-1.0947559092377712,244,3831,4075
391,2019-01-27,invierno,1,1,domingo,No Festivo,-0.2326795806738519,0.547891036383538,1.6454228370955881,269,3187,3456
392,2019-01-28,invierno,1,1,lunes,No Festivo,-0.5751648237879587,-0.395038965772294,0.3038026209005498,775,3248,4023
393,2019-01-29,invierno,1,1,martes,No Festivo,-0.6797391054731066,-1.5007450127027344,0.6011636574562864,558,2685,3243
394,2019-01-30,invierno,1,1,miercoles,No Festivo,-0.721568190695201,-1.0739474238997215,0.3543074915218879,126,3498,3624
395,2019-01-31,invierno,1,1,jueves,No Festivo,-0.34248367448419514,-0.9985099745945308,0.8226707134334509,324,4185,4509
396,2019-02-01,invierno,1,2,viernes,No Festivo,-0.09411622606466825,-0.5637703478988975,0.0823464463163143,304,4275,4579
397,2019-02-02,invierno,1,2,sabado,No Festivo,-0.3137244136853548,0.22233418256443999,0.0632150425750056,190,3571,3761
398,2019-02-03,invierno,1,2,domingo,No Festivo,-0.5830079733458404,-0.4744402876189728,-0.025226994614204565,310,3841,4151
399,2019-02-04,invierno,1,2,lunes,No Festivo,-0.7372544898109643,0.7305197937547565,-0.6012043625706296,384,2448,2832
400,2019-02-05,invierno,1,2,martes,No Festivo,-0.732027814945592,0.29379823078837974,-0.05066769107871104,318,2629,2947
401,2019-02-06,invierno,1,2,miercoles,No Festivo,-0.679397144152383,-0.019419164037385327,-0.2765403705691846,206,3578,3784
402,2019-02-07,invierno,1,2,jueves,No Festivo,-0.4549011057272246,-0.6193550846074777,-0.34188225536862304,199,4176,4375
403,2019-02-08,invierno,1,2,viernes,No Festivo,-0.7607839384846093,0.4605476766442391,-0.4808698682935143,109,2693,2802
404,2019-02-09,invierno,1,2,sabado,No Festivo,-0.7346411523782781,-0.30570890549236934,0.13292255088775312,163,3667,3830
405,2019-02-10,invierno,1,2,domingo,No Festivo,-0.684968917598302,-0.41091827728765346,-0.6517499383063111,227,3604,3831
406,2019-02-11,invierno,1,2,lunes,No Festivo,-0.8627448827370708,0.5002483375675781,1.107392811985621,192,1977,2169
407,2019-02-12,invierno,1,2,martes,No Festivo,-1.1660143780617696,-0.7702252189479776,2.32260329558782,73,1456,1529
408,2019-02-13,invierno,1,2,miercoles,No Festivo,-0.8679746948622663,-1.0243180245431363,-0.13933360639680886,94,3328,3422
409,2019-02-14,invierno,1,2,jueves,No Festivo,-0.5647051995375678,-0.559801711087528,-0.40497518260059895,135,3787,3922
410,2019-02-15,invierno,1,2,viernes,No Festivo,-0.4732038795354972,-0.4526056387516183,0.006360174116126484,141,4028,4169
411,2019-02-16,invierno,1,2,sabado,No Festivo,-0.5725483490954495,0.6034757730921185,-0.9112857473586197,74,2931,3005
412,2019-02-17,invierno,1,2,domingo,No Festivo,-0.4888901786512605,0.03970066092333938,0.25309422470749554,349,3805,4154
413,2019-02-18,invierno,1,2,lunes,Washington's Birthday,-0.4784305544008695,-0.43672632723625887,0.10129467704307858,1435,2883,4318
414,2019-02-19,invierno,1,2,martes,No Festivo,-0.6875822550309881,-0.5260563875161836,0.7340862083440398,618,2071,2689
415,2019-02-20,invierno,1,2,miercoles,No Festivo,-0.6875822550309881,-0.5642038964581225,0.4895604102057898,502,2627,3129
416,2019-02-21,invierno,1,2,jueves,No Festivo,-0.6630300596549955,-0.1519897377626749,0.2517814847699271,163,3614,3777
417,2019-02-22,invierno,1,2,viernes,No Festivo,-0.3241840379357457,-0.2779141550031385,0.544390199226094,394,4379,4773
418,2019-02-23,invierno,1,2,sabado,No Festivo,-0.1411751234119581,-0.3414409296043392,0.1011318565857059,516,4546,5062
419,2019-02-24,invierno,1,2,domingo,No Festivo,-0.28758162757902356,0.530025024327553,0.5758959577277386,246,3241,3487
420,2019-02-25,invierno,1,2,lunes,No Festivo,-0.6535963193667753,-1.0977687733077013,2.449094438409346,317,2415,2732
421,2019-02-26,invierno,1,2,martes,No Festivo,-0.6901955924636743,-1.0302733618951312,0.2468154608200555,515,2874,3389
422,2019-02-27,invierno,1,2,miercoles,No Festivo,-0.41568535793781636,-0.6451631345560831,0.8859264611227994,253,4069,4322
423,2019-02-28,invierno,1,2,jueves,No Festivo,-0.43921480661146123,-1.0977687733077013,0.12661325816455563,229,4134,4363
424,2019-03-01,invierno,1,3,viernes,No Festivo,-0.04183065385200582,-0.051611335627329336,0.4682309302899475,325,4665,4990
425,2019-03-02,invierno,1,3,sabado,No Festivo,-0.45751758041973384,0.14689673325924865,-0.3670685448684844,246,2948,3194
426,2019-03-03,invierno,1,3,domingo,No Festivo,-0.2666655163380647,-0.023821349407979912,-0.20246723874312772,956,3110,4066
427,2019-03-04,invierno,1,3,lunes,No Festivo,-0.5437922255564323,-1.0620367491957314,1.563035685664931,710,2713,3423
428,2019-03-05,invierno,1,3,martes,No Festivo,-0.8026161609665269,-0.5717123857915178,0.48727074752398425,203,3130,3333
429,2019-03-06,invierno,1,3,miercoles,No Festivo,-0.7555572636192369,-0.8079391793306915,0.20250794385747095,221,3735,3956
430,2019-03-07,invierno,1,3,jueves,No Festivo,-0.29803811456959134,-0.5379670622201734,1.677091416054606,432,4484,4916
431,2019-03-08,invierno,1,3,viernes,No Festivo,0.0888895511992962,-0.279900855543764,2.6518160841171183,486,4896,5382
432,2019-03-09,invierno,1,3,sabado,No Festivo,-0.27712514058845583,-1.0441707371397466,2.3794683403252845,447,4122,4569
433,2019-03-10,invierno,1,3,domingo,No Festivo,-0.6640528063573432,-1.3141428542502647,0.4556428736793097,968,3150,4118
434,2019-03-11,invierno,1,3,lunes,No Festivo,-0.4311457743463126,-0.7112721434331088,0.4234553045124162,1658,3253,4911
435,2019-03-12,invierno,1,3,martes,No Festivo,-0.10195937562254985,-0.6531004081788221,0.27209333682718906,838,4460,5298
436,2019-03-13,invierno,1,3,miercoles,No Festivo,0.20653679456752094,-0.041687361463964845,0.5696171938402985,762,5085,5847
437,2019-03-14,invierno,1,3,jueves,No Festivo,0.23006624324116598,-0.5677437489801483,-0.6707490504260045,997,5315,6312
438,2019-03-15,invierno,1,3,viernes,No Festivo,0.18300734589387616,-0.22233418256443965,-0.31640085378977334,1005,5187,6192
439,2019-03-16,invierno,1,3,sabado,No Festivo,-0.19869364500963907,1.0282866613545054,-0.6897786913814552,548,3830,4378
440,2019-03-17,invierno,1,3,domingo,No Festivo,0.04706046597720153,0.6173683840668519,-0.715097272502932,3155,4681,7836
441,2019-03-18,invierno,1,3,lunes,No Festivo,-0.0836597390741005,0.8754345907432618,-0.5504552612632324,2207,3685,5892
442,2019-03-19,invierno,1,3,martes,No Festivo,0.14379159810446765,0.4883376628635882,-0.18986900585390418,982,5171,6153
443,2019-03-20,invierno,1,3,miercoles,No Festivo,0.1934638328844439,0.8655106165798976,-0.6075645366867564,1051,5042,6093
444,2019-03-21,primavera,1,3,jueves,No Festivo,0.10196251288237324,0.9290326269112166,-0.9302818065947372,1122,5108,6230
445,2019-03-22,primavera,1,3,viernes,No Festivo,0.17255085890330812,0.9766753257271764,-0.645308353961498,1334,5537,6871
446,2019-03-23,primavera,1,3,sabado,No Festivo,0.3215707005030598,0.3235749175483546,-0.658150817536781,2469,5893,8362
447,2019-03-24,primavera,1,3,domingo,No Festivo,0.010458055620479448,1.2347415324035862,0.12016149754115665,1033,2339,3372
448,2019-03-25,primavera,1,3,lunes,No Festivo,-0.19346383288444363,1.2129021192663496,0.4050158877149422,1532,3464,4996
449,2019-03-26,primavera,1,3,martes,No Festivo,-0.1673210467781124,-0.7066984443467769,2.094746241773115,795,4763,5558
450,2019-03-27,primavera,1,3,miercoles,No Festivo,-0.5516353751143138,-1.601985747686649,0.06326592396793458,531,4571,5102
451,2019-03-28,primavera,1,3,jueves,No Festivo,-0.047057328717378145,-0.6908191328314174,1.1264733343340008,674,5024,5698
452,2019-03-29,primavera,1,3,viernes,No Festivo,-0.015684730485851766,-0.8913139022586212,1.4111954328861707,834,5299,6133
453,2019-03-30,primavera,1,3,sabado,No Festivo,-0.40522887094724847,-0.21637884521244466,-0.4366437615596165,796,4663,5459
454,2019-03-31,primavera,1,3,domingo,No Festivo,-0.23529291810653805,0.5339936611389222,0.7086963932724623,2301,3934,6235
455,2019-04-01,primavera,1,4,lunes,No Festivo,-0.23006624324116573,0.2382134940797991,-0.08861503392516884,2347,3694,6041
456,2019-04-02,primavera,1,4,martes,No Festivo,-0.20471718387009222,-0.5807740271063133,1.3347614044282075,1208,4728,5936
457,2019-04-03,primavera,1,4,miercoles,No Festivo,-0.10195937562254985,-1.0937953722264504,-0.822670713433451,1348,5424,6772
458,2019-04-04,primavera,1,4,jueves,No Festivo,0.1333351111138999,-0.7464038695399977,0.0,1058,5378,6436
459,2019-04-05,primavera,1,4,viernes,No Festivo,-0.20130698244232523,-1.20099144456236,0.3923362445970322,1192,5265,6457
460,2019-04-06,primavera,1,4,sabado,No Festivo,-0.3006545892621006,-1.187098833587626,1.2151799547664417,1807,4653,6460
461,2019-04-07,primavera,1,4,domingo,No Festivo,-0.19346383288444363,-1.772703830353878,0.9555118540925178,3252,3605,6857
462,2019-04-08,primavera,1,4,lunes,No Festivo,0.0026149060625978533,-1.6694811590992193,0.5253096768777142,2230,2939,5169
463,2019-04-09,primavera,1,4,martes,No Festivo,-0.031371029601614954,-1.4709683259427595,1.8034502672545163,905,4680,5585
464,2019-04-10,primavera,1,4,miercoles,No Festivo,-0.16470457208560316,-0.9111666148552316,0.6960574552688953,819,5099,5918
465,2019-04-11,primavera,1,4,jueves,No Festivo,-0.4720650542196928,-0.7464896263978665,1.1631384660786472,482,4380,4862
466,2019-04-12,primavera,1,4,viernes,No Festivo,-0.3189542258105502,-0.7622831810553572,1.1138343963304336,663,4746,5409
467,2019-04-13,primavera,1,4,sabado,No Festivo,-0.17777753376868044,-1.0382153997877517,-0.2595358090523088,1252,5146,6398
468,2019-04-14,primavera,1,4,domingo,No Festivo,-0.013071393053165336,-0.5875916973068773,0.10117256170004915,2795,4665,7460
469,2019-04-15,primavera,1,4,lunes,No Festivo,0.33725699961882294,-0.5637703478988975,0.44932340467752646,2846,4286,7132
470,2019-04-16,primavera,1,4,martes,No Festivo,0.5176494394501012,-0.3076908417631134,1.0568472362499393,1198,5172,6370
471,2019-04-17,primavera,1,4,miercoles,No Festivo,0.3424836744841953,-1.1235720589864253,0.9428729160889507,989,5702,6691
472,2019-04-18,primavera,1,4,jueves,No Festivo,-0.11241899987294099,-0.2719588176511435,-0.13293272716633886,347,4020,4367
473,2019-04-19,primavera,1,4,viernes,No Festivo,-0.0026149060625975814,-0.06550871087194475,-1.1707381109265247,846,5719,6565
474,2019-04-20,primavera,1,4,sabado,No Festivo,0.08627621376661004,0.325556853819098,-0.31652296913280303,1340,5950,7290
475,2019-04-21,primavera,1,4,domingo,No Festivo,0.22222309368328438,0.2699768813803998,1.0442082982463727,2541,4083,6624
476,2019-04-22,primavera,1,4,lunes,No Festivo,-0.3215675632432364,0.9965280383237871,1.6645440645583114,120,907,1027
477,2019-04-23,primavera,1,4,martes,No Festivo,-0.5568620499796861,0.6689844839640633,1.246807828611116,195,3019,3214
478,2019-04-24,primavera,1,4,miercoles,No Festivo,-0.269281991030574,-0.8198498540346815,0.6961388654975817,518,5115,5633
479,2019-04-25,primavera,1,4,jueves,No Festivo,-0.0705867773910232,-0.9449119384265761,-0.6327915313009609,655,5541,6196
480,2019-04-26,primavera,1,4,viernes,No Festivo,-0.0026149060625975814,0.6213417851481035,-0.04426681184824105,475,4551,5026
481,2019-04-27,primavera,1,4,sabado,No Festivo,-0.13071863642139034,-1.0739474238997215,1.6959582365526837,1014,5219,6233
482,2019-04-28,primavera,1,4,domingo,No Festivo,-0.3843127597062897,-0.651118471908078,-0.5189902078759308,1120,3100,4220
483,2019-04-29,primavera,1,4,lunes,No Festivo,-0.12810529898870418,-0.18660215845246977,-0.6519636401566129,2229,4075,6304
484,2019-04-30,primavera,1,4,martes,No Festivo,-0.10980252518043145,-0.267990180839774,-0.09501591315563856,665,4907,5572
485,2019-05-01,primavera,1,5,miercoles,No Festivo,0.3581699735999587,0.1588074079632386,-0.253175634936182,653,5087,5740
486,2019-05-02,primavera,1,5,jueves,No Festivo,0.20392345713483478,0.8138945166826862,-0.4367353480668887,667,5502,6169
487,2019-05-03,primavera,1,5,viernes,No Festivo,0.19085049545175775,0.6769217575868016,-0.48112427525815943,764,5657,6421
488,2019-05-04,primavera,1,5,sabado,No Festivo,0.4026155335145624,0.5201010501641888,-0.18354953685212094,1069,5227,6296
489,2019-05-05,primavera,1,5,domingo,No Festivo,0.38431589696611307,0.6213417851481035,-0.2847628036665133,2496,4387,6883
490,2019-05-06,primavera,1,5,lunes,No Festivo,0.19869364500963935,0.541935699031543,-0.31644155890411657,2135,4224,6359
491,2019-05-07,primavera,1,5,martes,No Festivo,0.12026214943082285,0.18064682110047514,0.5062291545293343,1008,5265,6273
492,2019-05-08,primavera,1,5,miercoles,No Festivo,0.2588255040400065,0.28386949235513315,1.1708215564109286,738,4990,5728
493,2019-05-09,primavera,1,5,jueves,No Festivo,0.23790939279904758,0.5617884116281537,0.3606167842450854,620,4097,4717
494,2019-05-10,primavera,1,5,viernes,No Festivo,0.020914542611047474,-0.3533516043083292,1.354340564427292,1026,5546,6572
495,2019-05-11,primavera,1,5,sabado,No Festivo,0.10718918774774555,-1.2665001554343047,0.5694849022186831,1319,5711,7030
496,2019-05-12,primavera,1,5,domingo,No Festivo,0.20392345713483478,-0.694787769642787,-0.5886163059599918,2622,4807,7429
497,2019-05-13,primavera,1,5,lunes,No Festivo,0.35555663616727257,-0.2382134940797991,0.44920128933449677,2172,3946,6118
498,2019-05-14,primavera,1,5,martes,No Festivo,0.23267958067385214,0.7781624925707163,0.32276102790589983,342,2501,2843
499,2019-05-15,primavera,1,5,miercoles,No Festivo,0.3529432987345864,0.8019838419786962,-0.3417499637470076,625,4490,5115
500,2019-05-16,primavera,1,5,jueves,No Festivo,0.4313747943134029,0.3414409296043395,-0.5949357749617753,991,6433,7424
501,2019-05-17,primavera,1,5,viernes,No Festivo,0.29542477713690546,-0.5062036749195731,0.4935495114114243,1242,6142,7384
502,2019-05-18,primavera,1,5,sabado,No Festivo,0.20392345713483478,-0.49032436340421365,-0.4493641097918697,1521,6118,7639
503,2019-05-19,primavera,1,5,domingo,No Festivo,0.31634088837786434,-0.809925879871317,-0.9870990228228489,3410,4884,8294
504,2019-05-20,primavera,1,5,lunes,No Festivo,0.3816994222736038,-0.45657427556298785,0.7468574379692218,2704,4425,7129
505,2019-05-21,primavera,1,5,martes,No Festivo,0.31111107625266865,0.8813899280952567,0.5314968542578821,630,3729,4359
506,2019-05-22,primavera,1,5,miercoles,No Festivo,0.3633997857251542,0.6650110828828117,-0.6391517054170875,819,5254,6073
507,2019-05-23,primavera,1,5,jueves,No Festivo,0.38431589696611307,0.7066984443467765,-0.8036716013137576,766,4494,5260
508,2019-05-24,primavera,1,5,viernes,No Festivo,0.4888901786512608,0.4307709898842642,-0.08221415469469885,1059,5711,6770
509,2019-05-25,primavera,1,5,sabado,No Festivo,0.5673216742300773,0.575681022602887,-0.4113760618310687,1417,5317,6734
510,2019-05-26,primavera,1,5,domingo,No Festivo,0.6065374220194855,0.5062036749195731,0.18334601128040476,2855,3681,6536
511,2019-05-27,primavera,1,5,lunes,Memorial Day,0.5986942724616039,0.3374675285230879,0.3479880225201044,3283,3308,6591
512,2019-05-28,primavera,1,5,martes,No Festivo,0.6692826184825388,0.2382134940797991,0.15820042689488667,2557,3486,6043
513,2019-05-29,primavera,1,5,miercoles,No Festivo,0.7006552167140655,0.27791415500313815,1.1644206771804582,880,4863,5743
514,2019-05-30,primavera,1,5,jueves,No Festivo,0.4941199907764562,0.20843680731982422,-0.4746826909133465,745,6110,6855
515,2019-05-31,primavera,1,5,viernes,No Festivo,0.5673216742300773,-0.6352343961228372,0.1455614888913199,1100,6238,7338
516,2019-06-01,primavera,1,6,sabado,No Festivo,0.4862768412185746,0.6153864477961085,0.5758552526133957,533,3594,4127
517,2019-06-02,primavera,1,6,domingo,No Festivo,0.2640521789053788,-0.36724421528306317,0.05685486845887885,2795,5325,8120
518,2019-06-03,primavera,1,6,lunes,No Festivo,0.32418403793574596,-0.6332524598520931,0.031668578959017514,2494,5147,7641
519,2019-06-04,primavera,1,6,martes,No Festivo,0.3084977388199825,-0.663029146612068,1.0568879413642829,1071,5927,6998
520,2019-06-05,primavera,1,6,miercoles,No Festivo,0.13071863642139062,-0.061540074060575246,0.29104156755395333,968,6033,7001
521,2019-06-06,primavera,1,6,jueves,No Festivo,0.17255085890330812,-0.07146404822393973,-1.0568065311355963,1027,6028,7055
522,2019-06-07,primavera,1,6,viernes,No Festivo,0.32418403793574596,-0.2818875560843894,-0.24041458158958554,1038,6456,7494
523,2019-06-08,primavera,1,6,sabado,No Festivo,0.47059054210281115,-0.7543411431627367,-0.056905749851808095,1488,6248,7736
524,2019-06-09,primavera,1,6,domingo,No Festivo,0.6640528063573433,-0.9012426406918671,-0.3733473087559244,2708,4790,7498
525,2019-06-10,primavera,1,6,lunes,No Festivo,0.7137281783971428,-0.4188603151802739,-0.4808698682935143,2224,4374,6598
526,2019-06-11,primavera,1,6,martes,No Festivo,0.69542540458887,-0.18262875737121884,0.27209333682718906,1017,5647,6664
527,2019-06-12,primavera,1,6,miercoles,No Festivo,0.48366036652606537,0.9865992998905405,0.3416278484039779,477,4495,4972
528,2019-06-13,primavera,1,6,jueves,No Festivo,0.49150351608394693,-0.2104235078604497,1.6516507195900996,1173,6248,7421
529,2019-06-14,primavera,1,6,viernes,No Festivo,0.4679740674103019,-0.2699768813803995,0.7404056773458231,1180,6183,7363
530,2019-06-15,primavera,1,6,sabado,No Festivo,0.4392179438712845,-0.17469148374847981,-0.04434822207692752,1563,6102,7665
531,2019-06-16,primavera,1,6,domingo,No Festivo,0.41568849519763973,-0.5816363599548824,-0.14560219400566313,2963,4739,7702
532,2019-06-17,primavera,1,6,lunes,No Festivo,0.2928114397042193,-0.1310174217438895,-0.3670685448684844,2634,4344,6978
533,2019-06-18,primavera,1,6,martes,No Festivo,0.21699328155808897,0.7225825201320182,-0.06338803931096428,653,4446,5099
534,2019-06-19,primavera,1,6,miercoles,No Festivo,0.5934644603364084,0.30372220495174385,-0.33538978963088084,968,5857,6825
535,2019-06-20,primavera,1,6,jueves,No Festivo,0.8888908061032256,-0.16278080904448985,-0.6834693986582577,872,5339,6211
536,2019-06-21,verano,1,6,viernes,No Festivo,0.9620924895568463,-0.2779141550031385,-0.63284241269389,778,5127,5905
537,2019-06-22,verano,1,6,sabado,No Festivo,0.8732045069874621,-0.25012416878378907,0.018999112119693254,964,4859,5823
538,2019-06-23,verano,1,6,domingo,No Festivo,0.7294144775129059,-0.43672632723625887,-0.012761053346596472,2657,4801,7458
539,2019-06-24,verano,1,6,lunes,No Festivo,0.7660137506098049,-0.7007431069947819,-0.36074907586670085,2551,4340,6891
540,2019-06-25,verano,1,6,martes,No Festivo,0.6797391054731068,-0.5816363599548824,1.2151290733735127,1139,5640,6779
541,2019-06-26,verano,1,6,miercoles,No Festivo,0.4130720205051304,-1.204964845643611,1.6960498230599563,1077,6365,7442
542,2019-06-27,verano,1,6,jueves,No Festivo,0.6222237211352489,-1.2684868559749303,0.924006095590873,1077,6258,7335
543,2019-06-28,verano,1,6,viernes,No Festivo,0.7843165244180776,-0.9707199883751814,-0.09489379781260886,921,5958,6879
544,2019-06-29,verano,1,6,sabado,No Festivo,1.0509836093860543,-0.6550871087194475,-0.15832254223791636,829,4634,5463
545,2019-06-30,verano,1,6,domingo,No Festivo,0.8339887591980536,-0.11910674703989955,-0.20254864897181418,1455,4232,5687
546,2019-07-01,verano,1,7,lunes,No Festivo,0.9934650877883733,-0.5121590122715681,-0.12665396327889886,1421,4110,5531
547,2019-07-02,verano,1,7,martes,No Festivo,0.8862774686705391,-0.8535999418759073,0.1454393735482902,904,5323,6227
548,2019-07-03,verano,1,7,miercoles,No Festivo,0.8836609939780299,-0.639207797204088,-0.5570291372296607,1052,5608,6660
549,2019-07-04,verano,1,7,jueves,Independence Day,0.909806917344184,-0.41687361463964845,-0.46836322191156293,2562,4841,7403
550,2019-07-05,verano,1,7,viernes,No Festivo,1.0300674981450955,-0.8019838419786965,0.13284114065906666,1405,4836,6241
551,2019-07-06,verano,1,7,sabado,No Festivo,1.0326808355777812,-0.8357339298199223,-0.3544703119792608,1366,4841,6207
552,2019-07-07,verano,1,7,domingo,No Festivo,1.1372582545227523,-0.639207797204088,-0.1772809492432664,1448,3392,4840
553,2019-07-08,verano,1,7,lunes,No Festivo,1.0143811990293317,-0.25012416878378907,-0.5632163146098289,1203,3469,4672
554,2019-07-09,verano,1,7,martes,No Festivo,0.6640528063573433,0.27195881765114316,0.0,998,5571,6569
555,2019-07-10,verano,1,7,miercoles,No Festivo,0.69542540458887,0.19652613261583426,-0.29753403329169553,954,5336,6290
556,2019-07-11,verano,1,7,jueves,No Festivo,0.6823555801656161,0.0337453235713444,-0.2975747384060385,975,6289,7264
557,2019-07-12,verano,1,7,viernes,No Festivo,0.6797391054731068,-0.46054767664423873,-0.34802872763444764,1032,6414,7446
558,2019-07-13,verano,1,7,sabado,No Festivo,0.7294144775129059,-0.668984483964063,-1.0188998934034819,1511,5988,7499
559,2019-07-14,verano,1,7,domingo,No Festivo,0.6405233576836983,0.3473962669563345,-0.3795344861360925,2355,4614,6969
560,2019-07-15,verano,1,7,lunes,No Festivo,0.7738569001676868,0.4367263272362592,-0.14560219400566313,1920,4111,6031
561,2019-07-16,verano,1,7,martes,No Festivo,0.8287589470728582,0.08933006027992467,-0.17083936489845344,1088,5742,6830
562,2019-07-17,verano,1,7,miercoles,No Festivo,1.001308237346255,-0.5736990863321434,-0.6771906347708174,921,5865,6786
563,2019-07-18,verano,1,7,jueves,No Festivo,0.9228767417674384,-0.2342448572684296,-0.443003935675743,799,4914,5713
564,2019-07-19,verano,1,7,viernes,No Festivo,0.8496750583138171,-0.12307538385126907,-0.15820042689488667,888,5703,6591
565,2019-07-20,verano,1,7,sabado,No Festivo,0.5228761143154735,1.038215399787752,0.2848543901737853,747,5123,5870
566,2019-07-21,verano,1,7,domingo,No Festivo,0.303267926694787,1.1394561347716665,0.3289482052860679,1264,3195,4459
567,2019-07-22,verano,1,7,lunes,No Festivo,0.528105926440669,0.6491317713674526,-0.8858877912641737,2544,4866,7410
568,2019-07-23,verano,1,7,martes,No Festivo,0.7607870757444326,0.3235749175483546,-0.4303751739507622,1135,5831,6966
569,2019-07-24,verano,1,7,miercoles,No Festivo,0.78954319928345,0.1369727590958845,0.31016279501667626,1140,6452,7592
570,2019-07-25,verano,1,7,jueves,No Festivo,0.7058850288392612,-0.8397025666312918,-0.1646013061253564,1383,6790,8173
571,2019-07-26,verano,1,7,viernes,No Festivo,0.870591169554776,-0.140941395907254,1.056684415792567,1036,5825,6861
572,2019-07-27,verano,1,7,sabado,No Festivo,0.8862774686705391,-0.15087013434049992,-0.2847628036665133,1259,5645,6904
573,2019-07-28,verano,1,7,domingo,No Festivo,0.8052294983992134,-0.061540074060575246,-0.24041458158958554,2234,4451,6685
574,2019-07-29,verano,1,7,lunes,No Festivo,0.6980418792813793,-0.011910674703989956,-0.10765485115920533,2153,4444,6597
575,2019-07-30,verano,1,7,martes,No Festivo,0.7267980028203966,0.20248146996782926,-0.2784026295503866,1040,6065,7105
576,2019-07-31,verano,1,7,miercoles,No Festivo,0.671895955915225,0.37121761636431444,-0.1582411320092299,968,6248,7216
577,2019-08-01,verano,1,8,jueves,No Festivo,0.6849689175983023,0.2441688314317941,-0.40497518260059895,1074,6506,7580
578,2019-08-02,verano,1,8,viernes,No Festivo,0.7947730114086454,0.1588074079632386,-0.5253096768777142,983,6278,7261
579,2019-08-03,verano,1,8,sabado,No Festivo,0.8366020966307398,0.07741938557593471,0.3543074915218879,1328,5847,7175
580,2019-08-04,verano,1,8,domingo,No Festivo,0.9228767417674384,-0.061540074060575246,0.7783123150779376,2345,4479,6824
581,2019-08-05,verano,1,8,lunes,No Festivo,0.847061720881131,0.12506208439189453,1.1137529861017477,1707,3757,5464
582,2019-08-06,verano,1,8,martes,No Festivo,0.7947730114086454,0.1330041222845153,-0.5253096768777142,1233,5780,7013
583,2019-08-07,verano,1,8,miercoles,No Festivo,0.7424843019361601,0.3692309158236886,-0.6519636401566129,1278,5995,7273
584,2019-08-08,verano,1,8,jueves,No Festivo,0.7869298618507639,0.22233418256443999,-0.7151379776172753,1263,6271,7534
585,2019-08-09,verano,1,8,viernes,No Festivo,0.8052294983992134,-0.027789986219349423,-0.25313492982183877,1196,6090,7286
586,2019-08-10,verano,1,8,sabado,No Festivo,0.6797391054731068,0.4267975888030126,0.5885756008456489,1065,4721,5786
587,2019-08-11,verano,1,8,domingo,No Festivo,0.6065374220194855,0.508190375460199,0.2595358090523085,2247,4052,6299
588,2019-08-12,verano,1,8,lunes,No Festivo,0.6326802081258167,-0.45657427556298785,-0.5949357749617753,2182,4362,6544
589,2019-08-13,verano,1,8,martes,No Festivo,0.69542540458887,-0.3851102273390481,-0.4555207583362803,1207,5676,6883
590,2019-08-14,verano,1,8,miercoles,No Festivo,0.7137281783971428,0.28784289343638475,-0.12025308404842887,1128,5656,6784
591,2019-08-15,verano,1,8,jueves,No Festivo,0.6509829819340894,-0.031763387300600354,-0.11401502527533208,1198,6149,7347
592,2019-08-16,verano,1,8,viernes,No Festivo,0.6901987297234977,-0.5101723117309427,-0.39869641871315864,1338,6267,7605
593,2019-08-17,verano,1,8,sabado,No Festivo,0.7032685541467516,-0.2640215440284045,0.5126707388741475,1483,5665,7148
594,2019-08-18,verano,1,8,domingo,No Festivo,0.5620918621048818,-0.10918277287653506,-0.03162787384467428,2827,5038,7865
595,2019-08-19,verano,1,8,lunes,No Festivo,0.4287583196208936,0.4069496404762843,-0.9619127333229874,1208,3341,4549
596,2019-08-20,verano,1,8,martes,No Festivo,0.4287583196208936,0.5141457128121939,-0.5189495027615876,1026,5504,6530
597,2019-08-21,verano,1,8,miercoles,No Festivo,0.47059054210281115,0.22630281937580915,-1.1011160833538978,1081,5925,7006
598,2019-08-22,verano,1,8,jueves,No Festivo,0.528105926440669,0.2421821308911683,-1.1264295763360819,1094,6281,7375
599,2019-08-23,verano,1,8,viernes,No Festivo,0.6169939090100536,0.045655998275334356,-0.9807815890767825,1363,6402,7765
600,2019-08-24,verano,1,8,sabado,No Festivo,0.6379100202510122,-0.0535980361679548,-1.1074762574700245,1325,6257,7582
601,2019-08-25,verano,1,8,domingo,No Festivo,0.5098062898922197,0.4129049778282793,0.6455118795332142,1829,4224,6053
602,2019-08-26,verano,1,8,lunes,No Festivo,0.48366036652606537,1.0461526734104902,0.48727074752398425,1483,3772,5255
603,2019-08-27,verano,1,8,martes,No Festivo,0.6405233576836983,0.496279700756209,-0.5316291458794975,989,5928,6917
604,2019-08-28,verano,1,8,miercoles,No Festivo,0.7189548532625151,-0.02977668675997489,0.10125397192873561,935,6105,7040
605,2019-08-29,verano,1,8,jueves,No Festivo,0.5830079733458408,-0.3533516043083292,-0.6961897468905108,1177,6520,7697
606,2019-08-30,verano,1,8,viernes,No Festivo,0.6509829819340894,-0.1707180826672289,-1.0568909942478586,1172,6541,7713
607,2019-08-31,verano,1,8,sabado,No Festivo,0.8313754217653675,-0.1846154579118443,-0.12661325816455563,1433,5917,7350
608,2019-09-01,verano,1,9,domingo,No Festivo,0.7973863488413315,0.057566672979324315,-0.6898295727743842,2352,3788,6140
609,2019-09-02,verano,1,9,lunes,Labor Day,0.6196103837025628,0.8992559401512417,-1.1896497070503802,2613,3197,5810
610,2019-09-03,verano,1,9,martes,No Festivo,0.6535963193667756,0.7841178299227113,-0.3038026209005498,1965,4069,6034
611,2019-09-04,verano,1,9,miercoles,No Festivo,0.7111117037046335,0.6133997472554827,0.5632163146098289,867,5997,6864
612,2019-09-05,verano,1,9,jueves,No Festivo,0.7451007766286694,0.547891036383538,0.06953451157678885,832,6280,7112
613,2019-09-06,verano,1,9,viernes,No Festivo,0.6196103837025628,0.8774212912838876,-0.3923362445970322,611,5592,6203
614,2019-09-07,verano,1,9,sabado,No Festivo,0.6405233576836983,0.524069686975558,-0.09493450292695209,1045,6459,7504
615,2019-09-08,verano,1,9,domingo,No Festivo,0.5019631403343378,0.8238232551159328,1.0189405985178248,1557,4419,5976
616,2019-09-09,verano,1,9,lunes,No Festivo,0.347713486609391,-0.3751862531756836,0.4428818203327135,2570,5657,8227
617,2019-09-10,verano,1,9,martes,No Festivo,0.2640521789053788,-0.5836230604955078,0.7910835447031196,1118,6407,7525
618,2019-09-11,verano,1,9,miercoles,No Festivo,0.24575254235692917,-0.5062036749195731,-0.9048828328724327,1070,6697,7767
619,2019-09-12,verano,1,9,jueves,No Festivo,0.3137275509451782,-0.2342448572684296,-0.4999503906418943,1050,6820,7870
620,2019-09-13,verano,1,9,viernes,No Festivo,0.35555663616727257,0.051611335627329336,-0.9998621114251623,1054,6750,7804
621,2019-09-14,verano,1,9,sabado,No Festivo,0.42091517006301205,0.22034748202381418,-0.7847131943084074,1379,6630,8009
622,2019-09-15,verano,1,9,domingo,No Festivo,0.3424836744841953,-0.5935470346588724,0.6771906347708174,3160,5554,8714
623,2019-09-16,verano,1,9,lunes,No Festivo,0.253595691914811,-0.267990180839774,-0.9239216324786107,2166,5167,7333
624,2019-09-17,verano,1,9,martes,No Festivo,0.25620902934749723,0.5161276490829373,-0.2974831518987663,1022,5847,6869
625,2019-09-18,verano,1,9,miercoles,No Festivo,0.3895425718314854,1.1732014583430106,1.7972529135957624,371,3702,4073
626,2019-09-19,verano,1,9,jueves,No Festivo,0.1673210467781127,-0.42679758880301294,0.34802872763444764,788,6803,7591
627,2019-09-20,verano,1,9,viernes,No Festivo,0.14902141022966334,-0.037718724652595334,-0.6391517054170875,939,6781,7720
628,2019-09-21,verano,1,9,sabado,No Festivo,0.3137275509451782,0.20248146996782926,-0.2721747470558755,1250,6917,8167
629,2019-09-22,verano,1,9,domingo,No Festivo,0.4732038795354973,0.09727209817254545,1.0441675931320293,2512,5883,8395
630,2019-09-23,otoño,1,9,lunes,No Festivo,0.09411936332449164,-0.7583145442439877,0.4302835874434897,2454,5453,7907
631,2019-09-24,otoño,1,9,martes,No Festivo,0.04706046597720153,-0.6352343961228372,-0.39250924133299087,1001,6435,7436
632,2019-09-25,otoño,1,9,miercoles,No Festivo,0.1594778972202311,-0.267990180839774,0.5632163146098289,845,6693,7538
633,2019-09-26,otoño,1,9,jueves,No Festivo,0.42614498218820746,0.021834648867354447,0.6454304693045277,787,6946,7733
634,2019-09-27,otoño,1,9,viernes,No Festivo,0.4732038795354973,0.30769084176311307,-0.47455039929173104,751,6642,7393
635,2019-09-28,otoño,1,9,sabado,No Festivo,0.3764727474082312,0.30372220495174385,-0.1709207751271399,1045,6370,7415
636,2019-09-29,otoño,1,9,domingo,No Festivo,0.13594844854658605,-0.397020902043038,0.4745096941773878,2589,5966,8555
637,2019-09-30,otoño,1,9,lunes,No Festivo,0.08627621376661004,-0.2044681705084547,-0.46828181168287675,2015,4874,6889
638,2019-10-01,otoño,1,10,martes,No Festivo,0.06797343995833731,0.10918277287653541,-0.9176031811046859,763,6015,6778
639,2019-10-02,otoño,1,10,miercoles,No Festivo,0.28758162757902384,1.1692328215316414,-0.7784853118138961,315,4324,4639
640,2019-10-03,otoño,1,10,jueves,No Festivo,0.49673332820914234,0.798015205167327,-1.1644634175505189,728,6844,7572
641,2019-10-04,otoño,1,10,viernes,No Festivo,0.49673332820914234,0.4605476766442391,-0.6454711744188709,891,6437,7328
642,2019-10-05,otoño,1,10,sabado,No Festivo,0.3633997857251542,0.005955337351994978,-0.7594047894655164,1516,6640,8156
643,2019-10-06,otoño,1,10,domingo,No Festivo,0.17255085890330812,0.18064682110047514,0.8858450508941129,3031,4934,7965
644,2019-10-07,otoño,1,10,lunes,No Festivo,-0.26143884147269236,0.39106556469104276,-0.4051481793365576,781,2729,3510
645,2019-10-08,otoño,1,10,martes,No Festivo,-0.3633997857251539,0.3970209020430377,0.08857432881082561,874,4604,5478
646,2019-10-09,otoño,1,10,miercoles,No Festivo,-0.16470457208560316,0.6451631345560834,0.09489379781260886,601,5791,6392
647,2019-10-10,otoño,1,10,jueves,No Festivo,0.04706046597720153,0.021834648867354447,0.06966680319840429,780,6911,7691
648,2019-10-11,otoño,1,10,viernes,No Festivo,-0.20130698244232523,-0.7761805562999726,0.00631946900178325,834,6736,7570
649,2019-10-12,otoño,1,10,sabado,No Festivo,-0.19346383288444363,-0.414886914099023,0.5507096682278773,1060,6222,7282
650,2019-10-13,otoño,1,10,domingo,No Festivo,-0.33202718749362725,-0.6272971225000982,-0.3544703119792608,2252,4857,7109
651,2019-10-14,otoño,1,10,lunes,Columbus Day,0.07058991465084659,0.06749541141257057,0.9935813122820047,2080,4559,6639
652,2019-10-15,otoño,1,10,martes,No Festivo,0.1960803075769532,0.38709692787967354,1.170902966639615,760,5115,5875
653,2019-10-16,otoño,1,10,miercoles,No Festivo,-0.09673270075717753,-0.32357491754835427,0.012679643117910004,922,6612,7534
654,2019-10-17,otoño,1,10,jueves,No Festivo,-0.13594844854658578,0.3176195801963596,-0.8100724805442273,979,6482,7461
655,2019-10-18,otoño,1,10,viernes,No Festivo,0.07320325208353275,0.4863509623229624,0.5694849022186831,1008,6501,7509
656,2019-10-19,otoño,1,10,sabado,No Festivo,0.2013069824423255,0.8992559401512417,-0.4683225167972197,753,4671,5424
657,2019-10-20,otoño,1,10,domingo,No Festivo,-0.047057328717378145,-0.25409280559515857,-0.6455627609261432,2806,5284,8090
658,2019-10-21,otoño,1,10,lunes,No Festivo,-0.10980252518043145,-0.5538463737355329,-0.15184025277876018,2132,4692,6824
659,2019-10-22,otoño,1,10,martes,No Festivo,-0.03660084172681039,-0.27593221873239443,-1.012455256175093,830,6228,7058
660,2019-10-23,otoño,1,10,miercoles,No Festivo,0.14117826067178146,0.07345074876456553,-0.8795276171480471,841,6625,7466
661,2019-10-24,otoño,1,10,jueves,No Festivo,0.27712514058845583,0.047642698815959825,-1.101030602613777,795,6898,7693
662,2019-10-25,otoño,1,10,viernes,No Festivo,0.1594778972202311,0.8297785924679277,-0.5759773679564251,875,6484,7359
663,2019-10-26,otoño,1,10,sabado,No Festivo,0.1464049355371538,0.861537215498646,-0.49363092164011074,1182,6262,7444
664,2019-10-27,otoño,1,10,domingo,No Festivo,0.0967327007571778,0.44665030139962336,0.5568154353793588,2643,5209,7852
665,2019-10-28,otoño,1,10,lunes,No Festivo,-0.06797343995833705,0.325556853819098,2.208588270312488,998,3461,4459
666,2019-10-29,otoño,1,10,martes,No Festivo,-0.18562068332656204,1.2089334824549804,1.8034909723688597,2,20,22
667,2019-10-30,otoño,1,10,miercoles,No Festivo,-0.5677954004633732,0.9490663817633278,0.32598690821759946,87,1009,1096
668,2019-10-31,otoño,1,10,jueves,No Festivo,-0.4444446187366567,0.1925574958044651,-0.14560219400566313,419,5147,5566
669,2019-11-01,otoño,1,11,viernes,No Festivo,-0.4183018326303256,-0.21240544413119375,-0.24045528670392877,466,5520,5986
670,2019-11-02,otoño,1,11,sabado,No Festivo,-0.45228776829453843,-0.49627970075620864,0.8670189355103787,618,5229,5847
671,2019-11-03,otoño,1,11,domingo,No Festivo,-0.4888901786512605,-0.6431764340154577,0.911326452472963,1029,4109,5138
672,2019-11-04,otoño,1,11,lunes,No Festivo,-0.5437922255564323,-0.44466360085899787,-0.018999112119693524,1201,3906,5107
673,2019-11-05,otoño,1,11,martes,No Festivo,-0.5647051995375678,-0.6292790587708422,0.5632570197241719,378,4881,5259
674,2019-11-06,otoño,1,11,miercoles,No Festivo,-0.684968917598302,-0.2818875560843894,-0.07593539080725883,466,5220,5686
675,2019-11-07,otoño,1,11,jueves,No Festivo,-0.6379100202510121,-0.3751862531756836,1.2530357111056274,326,4709,5035
676,2019-11-08,otoño,1,11,viernes,No Festivo,-0.46115366455476786,-1.394844821774619,1.698013844827016,340,4975,5315
677,2019-11-09,otoño,1,11,sabado,No Festivo,-0.43137165705357955,-0.40694964047628396,0.3417499637470076,709,5283,5992
678,2019-11-10,otoño,1,11,domingo,No Festivo,-0.3450970119168813,0.09131676082055047,-1.252997041247001,2090,4446,6536
679,2019-11-11,otoño,1,11,lunes,Veterans Day,-0.24575254235692917,0.15682547169249522,-0.5441764973757921,2290,4562,6852
680,2019-11-12,otoño,1,11,martes,No Festivo,-0.04444399128469199,0.5498777369241638,-0.0758946856929156,1097,5172,6269
681,2019-11-13,otoño,1,11,miercoles,No Festivo,-0.4888901786512605,0.17469148374848015,1.639103368093805,327,3767,4094
682,2019-11-14,otoño,1,11,jueves,No Festivo,-0.6588229942321476,-0.3533516043083292,0.18978759562521771,373,5122,5495
683,2019-11-15,otoño,1,11,viernes,No Festivo,-0.5568620499796861,-0.027789986219349423,-0.28481368505944227,320,5125,5445
684,2019-11-16,otoño,1,11,sabado,No Festivo,-0.4836603665260651,-0.48436902605221865,-0.10125397192873561,484,5214,5698
685,2019-11-17,otoño,1,11,domingo,No Festivo,-0.5464055629891184,-0.3851102273390481,-0.012679643117910004,1313,4316,5629
686,2019-11-18,otoño,1,11,lunes,No Festivo,-0.49150351608394666,0.3176195801963596,0.47459110440607427,922,3747,4669
687,2019-11-19,otoño,1,11,martes,No Festivo,-0.37124293528303565,-0.01389737524461542,0.5504552612632324,449,5050,5499
688,2019-11-20,otoño,1,11,miercoles,No Festivo,-0.39215590926417127,0.279900855543764,-0.999819371055102,534,5100,5634
689,2019-11-21,otoño,1,11,jueves,No Festivo,-0.45751758041973384,-0.05955337351994978,-0.7909919581958476,615,4531,5146
690,2019-11-22,otoño,1,11,viernes,No Festivo,-0.4993466656418284,-0.21836078148318872,-1.3036240272113688,955,1470,2425
691,2019-11-23,otoño,1,11,sabado,No Festivo,-0.4104586830724439,-0.273945518191769,-0.3353490845165376,1603,2307,3910
692,2019-11-24,otoño,1,11,domingo,No Festivo,-0.6928120671561837,-1.0560814118437365,1.9934922698443793,532,1745,2277
693,2019-11-25,otoño,1,11,lunes,No Festivo,-0.7947730114086453,-0.7523592068919926,-0.31012208990233303,309,2115,2424
694,2019-11-26,otoño,1,11,martes,No Festivo,-0.5830079733458404,-0.43275292615500793,-1.3669286210379294,337,4750,5087
695,2019-11-27,otoño,1,11,miercoles,No Festivo,-0.6509798446742661,0.764269881595983,0.5758450763348096,123,3836,3959
696,2019-11-28,otoño,1,11,jueves,Thanksgiving,-0.6352935455585027,-0.5717123857915178,0.30372121067186336,198,5062,5260
697,2019-11-29,otoño,1,11,viernes,No Festivo,-0.6848528389848454,-0.33634792510091327,-0.6660679622765353,243,5080,5323
698,2019-11-30,otoño,1,11,sabado,No Festivo,-0.6300668706931304,0.11116470914727877,-1.2466368671308745,362,5306,5668
699,2019-12-01,otoño,1,12,domingo,No Festivo,-0.6300668706931304,0.8595552792279026,-1.2340854451231458,951,4240,5191
700,2019-12-02,otoño,1,12,lunes,No Festivo,-0.47581721696818335,0.9389566010745807,-0.5759366628420821,892,3757,4649
701,2019-12-03,otoño,1,12,martes,No Festivo,-0.1464049355371538,0.6729531207754325,-0.9998621114251623,555,5679,6234
702,2019-12-04,otoño,1,12,miercoles,No Festivo,-0.07320325208353247,0.5121590122715681,-0.06966680319840429,551,6055,6606
703,2019-12-05,otoño,1,12,jueves,No Festivo,-0.19085049545175747,-0.6729531207754325,1.4556759465847136,331,5398,5729
704,2019-12-06,otoño,1,12,viernes,No Festivo,-0.7634004131771186,-0.559801711087528,-0.06330662908227781,340,5035,5375
705,2019-12-07,otoño,1,12,sabado,No Festivo,-0.5594785246721954,0.6570738092600734,-0.5126300337598043,349,4659,5008
706,2019-12-08,otoño,1,12,domingo,No Festivo,-0.36862646059052634,1.357816916254855,-0.809991070315541,1153,4429,5582
707,2019-12-09,otoño,1,12,lunes,No Festivo,-0.3607833110326446,1.3300269300355059,-0.23405440747345904,441,2787,3228
708,2019-12-10,otoño,1,12,martes,No Festivo,-0.19869364500963907,1.4233256271267998,0.09497520804129533,329,4841,5170
709,2019-12-11,otoño,1,12,miercoles,No Festivo,-0.45751758041973384,-0.140941395907254,1.170902966639615,282,5219,5501
710,2019-12-12,otoño,1,12,jueves,No Festivo,-0.6326802081258166,-0.4188603151802739,-0.18355971313070668,310,5009,5319
711,2019-12-13,otoño,1,12,viernes,No Festivo,-0.6379100202510121,-0.668984483964063,-0.06966680319840429,425,5107,5532
712,2019-12-14,otoño,1,12,sabado,No Festivo,-0.6823524429057927,0.07940608611656051,-0.5062291545293343,429,5182,5611
713,2019-12-15,otoño,1,12,domingo,No Festivo,-0.5490189004218046,0.11513811022853038,-0.7594047894655164,767,4280,5047
714,2019-12-16,otoño,1,12,lunes,No Festivo,-0.4287583196208934,1.0124073498391462,-0.8164733597746971,538,3248,3786
715,2019-12-17,otoño,1,12,martes,No Festivo,-0.33202718749362725,1.3379642036582442,-0.841748182898255,212,4373,4585
716,2019-12-18,otoño,1,12,miercoles,No Festivo,-0.27712514058845583,0.1905707952638393,0.4114167669454119,433,5124,5557
717,2019-12-19,otoño,1,12,jueves,No Festivo,-0.5228761143154733,-0.0039686368113695135,0.03171946035194649,333,4934,5267
718,2019-12-20,otoño,1,12,viernes,No Festivo,-0.530719263873355,0.19851283315646007,-0.493671626754454,314,3814,4128
719,2019-12-21,invierno,1,12,sabado,No Festivo,-0.5411757508639228,-0.3315121911710933,1.9681736887229022,221,3402,3623
720,2019-12-22,invierno,1,12,domingo,No Festivo,-0.732027814945592,-0.8813899280952567,2.3036143597467125,205,1544,1749
721,2019-12-23,invierno,1,12,lunes,No Festivo,-0.7947730114086453,-0.5280383237869276,-0.4873623340312565,408,1379,1787
722,2019-12-24,invierno,1,12,martes,No Festivo,-0.8403542593792304,0.786361801036943,-1.055733951372653,174,746,920
723,2019-12-25,invierno,1,12,miercoles,Christmas Day,-0.6521186699900704,0.5170805030592569,-0.12464923639749573,440,573,1013
724,2019-12-26,invierno,1,12,jueves,No Festivo,-0.8026161609665269,0.9389566010745807,1.3796082641558394,9,432,441
725,2019-12-27,invierno,1,12,viernes,No Festivo,-0.7686270880424909,0.12704878493252034,1.7213989330171904,247,1867,2114
726,2019-12-28,invierno,1,12,sabado,No Festivo,-0.7712435627350002,-0.17270478320785435,-0.2595358090523088,644,2451,3095
727,2019-12-29,invierno,1,12,domingo,No Festivo,-0.7712435627350002,0.6034757730921185,-0.5758959577277388,159,1182,1341
728,2019-12-30,invierno,1,12,lunes,No Festivo,-0.7634004131771186,-0.680895158668053,1.7277184020189735,364,1432,1796
729,2019-12-31,invierno,1,12,martes,No Festivo,-0.8888908061032252,-0.23225815672780414,-0.2658959831684352,439,2290,2729
