,fecha,estacion,año,mes,dias_festivos,temperatura,humedad,velocidad_viento,clientes_casuales,clientes_registrados,total_bicis,dia_semana
0,2018-01-01,invierno,0,1,New Year's Day,14.110847,80.5833,10.749882,331,654,985,lunes
1,2018-01-02,invierno,0,1,No Festivo,14.902598,69.6087,16.652113,131,670,801,martes
2,2018-01-03,invierno,0,1,No Festivo,8.050924,43.7273,16.636703,120,1229,1349,miercoles
3,2018-01-04,invierno,0,1,No Festivo,8.2,59.0435,10.739832,108,1454,1562,jueves
4,2018-01-05,invierno,0,1,No Festivo,9.305237,43.6957,12.5223,82,1518,1600,viernes
5,2018-01-06,invierno,0,1,No Festivo,8.378268,51.8261,6.0008684,88,1518,1606,sabado
6,2018-01-07,invierno,0,1,No Festivo,8.057402,49.8696,11.304642,148,1362,1510,domingo
7,2018-01-08,invierno,0,1,No Festivo,6.765,53.5833,17.875868,68,891,959,lunes
8,2018-01-09,invierno,0,1,No Festivo,5.671653,43.4167,24.25065,54,768,822,martes
9,2018-01-10,invierno,0,1,No Festivo,6.184153,48.2917,14.958889,41,1280,1321,miercoles
10,2018-01-11,invierno,0,1,No Festivo,6.932731,68.6364,8.182844,43,1220,1263,jueves
11,2018-01-12,invierno,0,1,No Festivo,7.081807,59.9545,20.410009,25,1137,1162,viernes
12,2018-01-13,invierno,0,1,No Festivo,6.765,47.0417,20.167,38,1368,1406,sabado
13,2018-01-14,invierno,0,1,No Festivo,6.59567,53.7826,8.478716,54,1367,1421,domingo
14,2018-01-15,invierno,0,1,Martin Luther King Jr. Day,9.566653,49.875,10.583521,222,1026,1248,lunes
15,2018-01-16,invierno,0,1,No Festivo,9.498347,48.375,12.625011,251,953,1204,martes
16,2018-01-17,invierno,0,1,No Festivo,7.209153,53.75,12.999139,117,883,1000,miercoles
17,2018-01-18,invierno,0,1,No Festivo,8.883347,86.1667,9.833925,9,674,683,jueves
18,2018-01-19,invierno,0,1,No Festivo,11.979134,74.1739,13.957239,78,1572,1650,viernes
19,2018-01-20,invierno,0,1,No Festivo,10.728347,53.8333,13.125568,83,1844,1927,sabado
20,2018-01-21,invierno,0,1,No Festivo,7.2775,45.7083,23.667214,75,1468,1543,domingo
21,2018-01-22,invierno,0,1,No Festivo,2.4243464,40.0,11.52199,93,888,981,lunes
22,2018-01-23,invierno,0,1,No Festivo,3.9573897,43.6522,16.5222,150,836,986,martes
23,2018-01-24,invierno,0,1,No Festivo,3.9930433,49.1739,10.60811,86,1330,1416,miercoles
24,2018-01-25,invierno,0,1,No Festivo,9.162598,61.6957,8.696332,186,1799,1985,jueves
25,2018-01-26,invierno,0,1,No Festivo,8.9175,86.25,19.68795,34,472,506,viernes
26,2018-01-27,invierno,0,1,No Festivo,7.995,68.75,7.627079,15,416,431,sabado
27,2018-01-28,invierno,0,1,No Festivo,8.342598,79.3043,8.2611,38,1129,1167,domingo
28,2018-01-29,invierno,0,1,No Festivo,8.057402,65.1739,9.739455,123,975,1098,lunes
29,2018-01-30,invierno,0,1,No Festivo,8.877402,72.2174,4.9568342,140,956,1096,martes
30,2018-01-31,invierno,0,1,No Festivo,7.414153,60.375,12.541864,42,1459,1501,miercoles
31,2018-02-01,invierno,0,2,No Festivo,7.879134,82.9565,3.565271,47,1313,1360,jueves
32,2018-02-02,invierno,0,2,No Festivo,10.66,77.5417,17.708636,72,1454,1526,viernes
33,2018-02-03,invierno,0,2,No Festivo,7.665237,43.7826,18.609384,61,1489,1550,sabado
34,2018-02-04,invierno,0,2,No Festivo,8.663464,58.5217,8.565213,88,1620,1708,domingo
35,2018-02-05,invierno,0,2,No Festivo,9.566653,92.9167,10.792293,100,905,1005,lunes
36,2018-02-06,invierno,0,2,No Festivo,11.719153,56.8333,9.5006,354,1269,1623,martes
37,2018-02-07,invierno,0,2,No Festivo,11.138347,73.8333,3.0423561,120,1592,1712,miercoles
38,2018-02-08,invierno,0,2,No Festivo,9.054153,53.7917,24.25065,64,1466,1530,jueves
39,2018-02-09,invierno,0,2,No Festivo,5.526103,49.4783,12.652213,53,1552,1605,viernes
40,2018-02-10,invierno,0,2,No Festivo,5.918268,43.7391,14.869645,47,1491,1538,sabado
41,2018-02-11,invierno,0,2,No Festivo,7.752731,50.6364,7.27285,149,1597,1746,domingo
42,2018-02-12,invierno,0,2,No Festivo,9.1225,54.4167,13.625589,288,1184,1472,lunes
43,2018-02-13,invierno,0,2,No Festivo,12.977402,45.7391,17.479161,397,1192,1589,martes
44,2018-02-14,invierno,0,2,No Festivo,17.015,37.5833,27.999836,208,1705,1913,miercoles
45,2018-02-15,invierno,0,2,No Festivo,10.909567,31.4348,19.522058,140,1675,1815,jueves
46,2018-02-16,invierno,0,2,No Festivo,13.048701,42.3478,16.869997,218,1897,2115,viernes
47,2018-02-17,invierno,0,2,No Festivo,17.869153,50.5,15.416968,259,2216,2475,sabado
48,2018-02-18,invierno,0,2,No Festivo,21.388347,51.6667,17.749975,579,2348,2927,domingo
49,2018-02-19,invierno,0,2,Washington's Birthday,16.365847,18.7917,34.000021,532,1103,1635,lunes
50,2018-02-20,invierno,0,2,No Festivo,11.693897,40.7826,14.956745,639,1173,1812,martes
51,2018-02-21,invierno,0,2,No Festivo,12.436653,60.5,20.625682,195,912,1107,miercoles
52,2018-02-22,invierno,0,2,No Festivo,7.471102,57.7778,13.110761,74,1376,1450,jueves
53,2018-02-23,invierno,0,2,No Festivo,9.091299,42.3043,6.305571,139,1778,1917,viernes
54,2018-02-24,invierno,0,2,No Festivo,12.121732,69.7391,16.783232,100,1707,1807,sabado
55,2018-02-25,invierno,0,2,No Festivo,14.938268,71.2174,23.218113,120,1341,1461,domingo
56,2018-02-26,invierno,0,2,No Festivo,11.5825,53.7917,12.500257,424,1545,1969,lunes
57,2018-02-27,invierno,0,2,No Festivo,14.082598,68.0,8.391616,694,1708,2402,martes
58,2018-02-28,invierno,0,2,No Festivo,16.698193,87.6364,19.408962,81,1365,1446,miercoles
59,2018-03-01,invierno,0,3,No Festivo,10.933347,53.5,14.500475,137,1714,1851,jueves
60,2018-03-02,invierno,0,3,No Festivo,13.735,44.9583,20.624811,231,1903,2134,viernes
61,2018-03-03,invierno,0,3,No Festivo,8.131653,31.8333,15.125518,123,1562,1685,sabado
62,2018-03-04,invierno,0,3,No Festivo,10.728347,61.0417,13.624182,214,1730,1944,domingo
63,2018-03-05,invierno,0,3,No Festivo,15.750847,78.9167,16.875357,640,1437,2077,lunes
64,2018-03-06,invierno,0,3,No Festivo,15.437402,94.8261,23.000229,114,491,605,martes
65,2018-03-07,invierno,0,3,No Festivo,10.731299,55.1304,22.870584,244,1628,1872,miercoles
66,2018-03-08,invierno,0,3,No Festivo,11.9925,42.0833,8.08355,316,1817,2133,jueves
67,2018-03-09,invierno,0,3,No Festivo,12.129153,77.5417,14.75005,191,1700,1891,viernes
68,2018-03-10,invierno,0,3,No Festivo,15.952731,0.0,17.545759,46,577,623,sabado
69,2018-03-11,invierno,0,3,No Festivo,12.977402,64.9565,15.60899,247,1730,1977,domingo
70,2018-03-12,invierno,0,3,No Festivo,13.495847,59.4583,14.791925,724,1408,2132,lunes
71,2018-03-13,invierno,0,3,No Festivo,15.758268,52.7391,18.130468,982,1435,2417,martes
72,2018-03-14,invierno,0,3,No Festivo,13.333897,49.6957,9.174042,359,1687,2046,miercoles
73,2018-03-15,invierno,0,3,No Festivo,13.013031,65.5652,12.348703,289,1767,2056,jueves
74,2018-03-16,invierno,0,3,No Festivo,14.973897,77.6522,13.608839,321,1871,2192,viernes
75,2018-03-17,invierno,0,3,No Festivo,17.015,60.2917,14.041793,424,2320,2744,sabado
76,2018-03-18,invierno,0,3,No Festivo,22.14,52.5217,15.478139,884,2355,3239,domingo
77,2018-03-19,invierno,0,3,No Festivo,19.3725,37.9167,24.667189,1424,1693,3117,lunes
78,2018-03-20,invierno,0,3,No Festivo,13.6325,47.375,13.917307,1047,1424,2471,martes
79,2018-03-21,primavera,0,3,No Festivo,17.647835,73.7391,19.348461,401,1676,2077,miercoles
80,2018-03-22,primavera,0,3,No Festivo,18.108347,62.4583,15.12525,460,2243,2703,jueves
81,2018-03-23,primavera,0,3,No Festivo,14.225237,83.9565,15.695487,203,1918,2121,viernes
82,2018-03-24,primavera,0,3,No Festivo,11.685,80.5833,16.333729,166,1699,1865,sabado
83,2018-03-25,primavera,0,3,No Festivo,10.830847,49.5,15.458575,300,1910,2210,domingo
84,2018-03-26,primavera,0,3,No Festivo,10.899153,39.4167,14.041257,981,1515,2496,lunes
85,2018-03-27,primavera,0,3,No Festivo,10.374763,49.3913,12.3481,472,1221,1693,martes
86,2018-03-28,primavera,0,3,No Festivo,10.838268,30.2174,14.217668,222,1806,2028,miercoles
87,2018-03-29,primavera,0,3,No Festivo,12.4025,31.4167,15.208732,317,2108,2425,jueves
88,2018-03-30,primavera,0,3,No Festivo,12.3,64.6667,11.583496,168,1368,1536,viernes
89,2018-03-31,primavera,0,3,No Festivo,11.001653,91.8333,14.582282,179,1506,1685,sabado
90,2018-04-01,primavera,0,4,No Festivo,12.3,68.625,17.333436,307,1920,2227,domingo
91,2018-04-02,primavera,0,4,No Festivo,12.915,65.375,13.208782,898,1354,2252,lunes
92,2018-04-03,primavera,0,4,No Festivo,15.511653,48.0,12.208271,1651,1598,3249,martes
93,2018-04-04,primavera,0,4,No Festivo,23.506653,42.625,25.833257,734,2381,3115,miercoles
94,2018-04-05,primavera,0,4,No Festivo,16.980847,64.2083,26.000489,167,1628,1795,jueves
95,2018-04-06,primavera,0,4,No Festivo,16.024153,47.0833,17.625221,413,2395,2808,viernes
96,2018-04-07,primavera,0,4,No Festivo,17.9375,60.2917,10.874904,571,2570,3141,sabado
97,2018-04-08,primavera,0,4,No Festivo,13.769153,83.625,15.208464,172,1299,1471,domingo
98,2018-04-09,primavera,0,4,No Festivo,14.0425,87.75,8.916561,879,1576,2455,lunes
99,2018-04-10,primavera,0,4,No Festivo,17.493347,85.75,9.833389,1188,1707,2895,martes
100,2018-04-11,primavera,0,4,No Festivo,24.421732,71.6956,21.739758,855,2493,3348,miercoles
101,2018-04-12,primavera,0,4,No Festivo,20.6025,73.9167,18.416893,257,1777,2034,jueves
102,2018-04-13,primavera,0,4,No Festivo,16.9125,81.9167,16.791339,209,1953,2162,viernes
103,2018-04-14,primavera,0,4,No Festivo,19.1675,54.0417,7.4169,529,2738,3267,sabado
104,2018-04-15,primavera,0,4,No Festivo,18.313347,67.125,15.167125,642,2484,3126,domingo
105,2018-04-16,primavera,0,4,No Festivo,17.664153,88.8333,22.834136,121,674,795,lunes
106,2018-04-17,primavera,0,4,No Festivo,18.723347,47.9583,20.334232,1558,2186,3744,martes
107,2018-04-18,primavera,0,4,No Festivo,21.0125,54.25,10.958989,669,2760,3429,miercoles
108,2018-04-19,primavera,0,4,No Festivo,20.739153,66.5833,10.584057,409,2795,3204,jueves
109,2018-04-20,primavera,0,4,No Festivo,24.395,61.4167,16.208975,613,3331,3944,viernes
110,2018-04-21,primavera,0,4,No Festivo,18.825847,40.7083,21.792286,745,3444,4189,sabado
111,2018-04-22,primavera,0,4,No Festivo,13.803347,72.9583,14.707907,177,1506,1683,domingo
112,2018-04-23,primavera,0,4,No Festivo,18.86,88.7917,15.458575,1462,2574,4036,lunes
113,2018-04-24,primavera,0,4,No Festivo,23.848347,81.0833,12.875725,1710,2481,4191,martes
114,2018-04-25,primavera,0,4,No Festivo,24.873347,77.6667,12.417311,773,3300,4073,miercoles
115,2018-04-26,primavera,0,4,No Festivo,25.898347,72.9167,21.8755,678,3722,4400,jueves
116,2018-04-27,primavera,0,4,No Festivo,25.42,83.5417,20.9174,547,3325,3872,viernes
117,2018-04-28,primavera,0,4,No Festivo,25.3175,70.0833,21.500836,569,3489,4058,sabado
118,2018-04-29,primavera,0,4,No Festivo,20.91,45.7083,16.084221,878,3717,4595,domingo
119,2018-04-30,primavera,0,4,No Festivo,19.3725,50.3333,15.750025,1965,3347,5312,lunes
120,2018-05-01,primavera,0,5,No Festivo,18.518347,76.2083,7.125718,1138,2213,3351,martes
121,2018-05-02,primavera,0,5,No Festivo,22.515847,73.0,12.291418,847,3554,4401,miercoles
122,2018-05-03,primavera,0,5,No Festivo,25.283347,69.7083,22.958689,603,3848,4451,jueves
123,2018-05-04,primavera,0,5,No Festivo,16.980847,73.7083,22.042732,255,2378,2633,viernes
124,2018-05-05,primavera,0,5,No Festivo,18.825847,44.4167,19.791264,614,3819,4433,sabado
125,2018-05-06,primavera,0,5,No Festivo,19.645847,59.0,15.292482,894,3714,4608,domingo
126,2018-05-07,primavera,0,5,No Festivo,21.32,54.125,10.75015,1612,3102,4714,lunes
127,2018-05-08,primavera,0,5,No Festivo,21.661653,63.1667,5.0007125,1401,2932,4333,martes
128,2018-05-09,primavera,0,5,No Festivo,21.8325,58.875,11.792,664,3698,4362,miercoles
129,2018-05-10,primavera,0,5,No Festivo,21.8325,48.9167,7.749957,694,4109,4803,jueves
130,2018-05-11,primavera,0,5,No Festivo,22.2425,63.2917,8.083014,550,3632,4182,viernes
131,2018-05-12,primavera,0,5,No Festivo,21.935,74.75,12.707689,695,4169,4864,sabado
132,2018-05-13,primavera,0,5,No Festivo,21.0125,86.3333,12.041575,692,3413,4105,domingo
133,2018-05-14,primavera,0,5,No Festivo,21.354153,92.25,9.04165,902,2507,3409,lunes
134,2018-05-15,primavera,0,5,No Festivo,23.0625,86.7083,10.249593,1582,2971,4553,martes
135,2018-05-16,primavera,0,5,No Festivo,23.6775,78.7917,8.500357,773,3185,3958,miercoles
136,2018-05-17,primavera,0,5,No Festivo,23.028347,83.7917,18.582718,678,3445,4123,jueves
137,2018-05-18,primavera,0,5,No Festivo,22.55,87.0,13.499964,536,3319,3855,viernes
138,2018-05-19,primavera,0,5,No Festivo,21.764153,82.9583,7.250271,735,3840,4575,sabado
139,2018-05-20,primavera,0,5,No Festivo,22.003347,71.9583,8.375871,909,4008,4917,domingo
140,2018-05-21,primavera,0,5,No Festivo,24.7025,62.6667,8.08355,2258,3547,5805,lunes
141,2018-05-22,primavera,0,5,No Festivo,24.770847,74.9583,9.916536,1576,3084,4660,martes
142,2018-05-23,primavera,0,5,No Festivo,25.898347,81.0,15.667414,836,3438,4274,miercoles
143,2018-05-24,primavera,0,5,No Festivo,27.06,74.0833,13.875164,659,3833,4492,jueves
144,2018-05-25,primavera,0,5,No Festivo,27.094153,69.625,10.333611,740,4238,4978,viernes
145,2018-05-26,primavera,0,5,No Festivo,29.041653,67.75,13.376014,758,3919,4677,sabado
146,2018-05-27,primavera,0,5,No Festivo,27.948347,65.375,16.125493,871,3808,4679,domingo
147,2018-05-28,primavera,0,5,Memorial Day,26.889153,72.9583,15.416164,2001,2757,4758,lunes
148,2018-05-29,primavera,0,5,No Festivo,27.3675,81.875,14.333846,2355,2433,4788,martes
149,2018-05-30,primavera,0,5,No Festivo,30.066653,68.5,8.792075,1549,2549,4098,miercoles
150,2018-05-31,primavera,0,5,No Festivo,31.775,63.6667,7.459043,673,3309,3982,jueves
151,2018-06-01,primavera,0,6,No Festivo,31.330847,67.7083,13.875164,513,3461,3974,viernes
152,2018-06-02,primavera,0,6,No Festivo,29.315,30.5,19.583229,736,4232,4968,sabado
153,2018-06-03,primavera,0,6,No Festivo,25.42,35.4167,16.959107,898,4414,5312,domingo
154,2018-06-04,primavera,0,6,No Festivo,26.035,45.625,8.250514,1869,3473,5342,lunes
155,2018-06-05,primavera,0,6,No Festivo,26.581653,65.25,9.292364,1685,3221,4906,martes
156,2018-06-06,primavera,0,6,No Festivo,27.811653,60.0,8.167032,673,3875,4548,miercoles
157,2018-06-07,primavera,0,6,No Festivo,29.0075,59.7917,12.583136,763,4070,4833,jueves
158,2018-06-08,primavera,0,6,No Festivo,31.809153,62.2083,9.166739,676,3725,4401,viernes
159,2018-06-09,primavera,0,6,No Festivo,33.141653,56.8333,10.042161,563,3352,3915,sabado
160,2018-06-10,primavera,0,6,No Festivo,30.955,60.5,9.417118,815,3771,4586,domingo
161,2018-06-11,primavera,0,6,No Festivo,29.725,65.4583,10.37495,1729,3237,4966,lunes
162,2018-06-12,primavera,0,6,No Festivo,28.3925,74.7917,10.958989,1467,2993,4460,martes
163,2018-06-13,primavera,0,6,No Festivo,26.035,49.4583,20.45845,863,4157,5020,miercoles
164,2018-06-14,primavera,0,6,No Festivo,24.770847,50.7083,18.041961,727,4164,4891,jueves
165,2018-06-15,primavera,0,6,No Festivo,25.693347,47.1667,11.250104,769,4411,5180,viernes
166,2018-06-16,primavera,0,6,No Festivo,25.761653,68.8333,13.833557,545,3222,3767,sabado
167,2018-06-17,primavera,0,6,No Festivo,26.615847,73.5833,9.582943,863,3981,4844,domingo
168,2018-06-18,primavera,0,6,No Festivo,28.563347,67.0417,8.000336,1807,3312,5119,lunes
169,2018-06-19,primavera,0,6,No Festivo,28.665847,66.6667,6.834,1639,3105,4744,martes
170,2018-06-20,primavera,0,6,No Festivo,26.035,74.625,10.416825,699,3311,4010,miercoles
171,2018-06-21,verano,0,6,No Festivo,27.914153,77.0417,11.458675,774,4061,4835,jueves
172,2018-06-22,verano,0,6,No Festivo,30.066653,70.75,11.541554,661,3846,4507,viernes
173,2018-06-23,verano,0,6,No Festivo,29.861653,70.3333,15.999868,746,4044,4790,sabado
174,2018-06-24,verano,0,6,No Festivo,29.690847,57.3333,14.875675,969,4022,4991,domingo
175,2018-06-25,verano,0,6,No Festivo,28.495,48.3333,14.041257,1782,3420,5202,lunes
176,2018-06-26,verano,0,6,No Festivo,27.88,51.3333,6.3337311,1920,3385,5305,martes
177,2018-06-27,verano,0,6,No Festivo,27.9825,65.8333,7.208396,854,3854,4708,miercoles
178,2018-06-28,verano,0,6,No Festivo,30.510847,63.4167,9.666961,732,3916,4648,jueves
179,2018-06-29,verano,0,6,No Festivo,29.861653,49.7917,17.542007,848,4377,5225,viernes
180,2018-06-30,verano,0,6,No Festivo,28.563347,43.4167,12.415904,1027,4488,5515,sabado
181,2018-07-01,verano,0,7,No Festivo,29.6225,39.625,6.874736,1246,4116,5362,domingo
182,2018-07-02,verano,0,7,No Festivo,30.271653,44.4583,7.709154,2204,2915,5119,lunes
183,2018-07-03,verano,0,7,No Festivo,29.383347,68.25,15.333486,2282,2367,4649,martes
184,2018-07-04,verano,0,7,Independence Day,29.793347,63.7917,5.4591064,3065,2978,6043,miercoles
185,2018-07-05,verano,0,7,No Festivo,30.613347,59.0417,8.459286,1031,3634,4665,jueves
186,2018-07-06,verano,0,7,No Festivo,29.52,74.3333,10.042161,784,3845,4629,viernes
187,2018-07-07,verano,0,7,No Festivo,30.75,65.125,10.6664,754,3838,4592,sabado
188,2018-07-08,verano,0,7,No Festivo,29.075847,75.7917,15.083643,692,3348,4040,domingo
189,2018-07-09,verano,0,7,No Festivo,30.066653,60.9167,11.250104,1988,3348,5336,lunes
190,2018-07-10,verano,0,7,No Festivo,30.6475,57.8333,12.292557,1743,3138,4881,martes
191,2018-07-11,verano,0,7,No Festivo,31.2625,63.5833,18.916579,723,3363,4086,miercoles
192,2018-07-12,verano,0,7,No Festivo,32.560847,55.9167,13.417018,662,3596,4258,jueves
193,2018-07-13,verano,0,7,No Festivo,30.613347,63.1667,9.790911,748,3594,4342,viernes
194,2018-07-14,verano,0,7,No Festivo,27.914153,47.625,16.124689,888,4196,5084,sabado
195,2018-07-15,verano,0,7,No Festivo,27.196653,59.125,12.249811,1318,4220,5538,domingo
196,2018-07-16,verano,0,7,No Festivo,28.153347,58.5,13.958914,2418,3505,5923,lunes
197,2018-07-17,verano,0,7,No Festivo,29.485847,60.4167,16.417211,2006,3296,5302,martes
198,2018-07-18,verano,0,7,No Festivo,30.613347,65.125,14.458868,841,3617,4458,miercoles
199,2018-07-19,verano,0,7,No Festivo,31.843347,65.0417,8.7502,752,3789,4541,jueves
200,2018-07-20,verano,0,7,No Festivo,31.501653,70.7083,7.625739,644,3688,4332,viernes
201,2018-07-21,verano,0,7,No Festivo,33.415,69.125,14.875407,632,3152,3784,sabado
202,2018-07-22,verano,0,7,No Festivo,34.781653,58.0417,8.9177,562,2825,3387,domingo
203,2018-07-23,verano,0,7,No Festivo,34.815847,50.0,8.791807,987,2298,3285,lunes
204,2018-07-24,verano,0,7,No Festivo,34.03,55.0833,11.334457,1050,2556,3606,martes
205,2018-07-25,verano,0,7,No Festivo,30.476653,75.7083,6.0841561,568,3272,3840,miercoles
206,2018-07-26,verano,0,7,No Festivo,31.638347,54.0833,13.417286,750,3840,4590,jueves
207,2018-07-27,verano,0,7,No Festivo,31.775,40.2917,12.292021,755,3901,4656,viernes
208,2018-07-28,verano,0,7,No Festivo,31.945847,58.3333,11.958093,606,3784,4390,sabado
209,2018-07-29,verano,0,7,No Festivo,34.371653,54.25,11.667246,670,3176,3846,domingo
210,2018-07-30,verano,0,7,No Festivo,32.970847,46.5833,11.291979,1559,2916,4475,lunes
211,2018-07-31,verano,0,7,No Festivo,33.039153,48.0833,11.042471,1524,2778,4302,martes
212,2018-08-01,verano,0,8,No Festivo,31.638347,55.0833,10.500039,729,3537,4266,miercoles
213,2018-08-02,verano,0,8,No Festivo,32.116653,49.125,13.79195,801,4044,4845,jueves
214,2018-08-03,verano,0,8,No Festivo,29.998347,65.75,9.084061,467,3107,3574,viernes
215,2018-08-04,verano,0,8,No Festivo,29.11,75.75,13.20905,799,3777,4576,sabado
216,2018-08-05,verano,0,8,No Festivo,29.144153,63.0833,12.374632,1023,3843,4866,domingo
217,2018-08-06,verano,0,8,No Festivo,29.383347,75.5,15.29275,1521,2773,4294,lunes
218,2018-08-07,verano,0,8,No Festivo,30.4425,75.2917,13.499629,1298,2487,3785,martes
219,2018-08-08,verano,0,8,No Festivo,31.365,59.2083,12.875725,846,3480,4326,miercoles
220,2018-08-09,verano,0,8,No Festivo,31.775,57.0417,10.125107,907,3695,4602,jueves
221,2018-08-10,verano,0,8,No Festivo,31.433347,42.4167,13.417286,884,3896,4780,viernes
222,2018-08-11,verano,0,8,No Festivo,29.4175,42.375,11.041332,812,3980,4792,sabado
223,2018-08-12,verano,0,8,No Festivo,29.041653,41.5,8.416607,1051,3854,4905,domingo
224,2018-08-13,verano,0,8,No Festivo,28.119153,72.9583,14.167418,1504,2646,4150,lunes
225,2018-08-14,verano,0,8,No Festivo,27.743347,81.75,14.916411,1338,2482,3820,martes
226,2018-08-15,verano,0,8,No Festivo,27.299153,71.2083,13.999918,775,3563,4338,miercoles
227,2018-08-16,verano,0,8,No Festivo,28.734153,57.8333,15.834043,721,4004,4725,jueves
228,2018-08-17,verano,0,8,No Festivo,29.656653,57.5417,9.625689,668,4026,4694,viernes
229,2018-08-18,verano,0,8,No Festivo,29.178347,65.4583,15.624936,639,3166,3805,sabado
230,2018-08-19,verano,0,8,No Festivo,28.085,72.2917,9.333636,797,3356,4153,domingo
231,2018-08-20,verano,0,8,No Festivo,28.5975,67.4167,6.999289,1914,3277,5191,lunes
232,2018-08-21,verano,0,8,No Festivo,29.144153,77.0,16.666518,1249,2624,3873,martes
233,2018-08-22,verano,0,8,No Festivo,28.358347,47.0,18.54225,833,3925,4758,miercoles
234,2018-08-23,verano,0,8,No Festivo,26.274153,45.5417,9.833121,1281,4614,5895,jueves
235,2018-08-24,verano,0,8,No Festivo,27.606653,60.5,16.958236,949,4181,5130,viernes
236,2018-08-25,verano,0,8,No Festivo,28.050847,77.1667,14.125811,435,3107,3542,sabado
237,2018-08-26,verano,0,8,No Festivo,28.7,76.125,5.6254875,768,3893,4661,domingo
238,2018-08-27,verano,0,8,No Festivo,27.88,85.0,25.166339,226,889,1115,lunes
239,2018-08-28,verano,0,8,No Festivo,28.989419,56.1765,20.412153,1415,2919,4334,martes
240,2018-08-29,verano,0,8,No Festivo,26.103347,55.4583,10.708275,729,3905,4634,miercoles
241,2018-08-30,verano,0,8,No Festivo,26.205847,54.8333,8.375536,775,4429,5204,jueves
242,2018-08-31,verano,0,8,No Festivo,26.923347,59.7917,5.5833311,688,4370,5058,viernes
243,2018-09-01,verano,0,9,No Festivo,26.855,63.9167,9.500332,783,4332,5115,sabado
244,2018-09-02,verano,0,9,No Festivo,26.376653,72.7083,9.375243,875,3852,4727,domingo
245,2018-09-03,verano,0,9,Labor Day,27.435847,71.6667,12.416775,1935,2549,4484,lunes
246,2018-09-04,verano,0,9,No Festivo,29.075847,74.2083,13.833289,2521,2419,4940,martes
247,2018-09-05,verano,0,9,No Festivo,27.606653,79.0417,14.250632,1236,2115,3351,miercoles
248,2018-09-06,verano,0,9,No Festivo,22.14,88.6957,23.044181,204,2506,2710,jueves
249,2018-09-07,verano,0,9,No Festivo,24.565847,91.7083,6.5003936,118,1878,1996,viernes
250,2018-09-08,verano,0,9,No Festivo,25.990433,93.9565,12.914116,153,1689,1842,sabado
251,2018-09-09,verano,0,9,No Festivo,26.65,89.7917,8.333393,417,3127,3544,domingo
252,2018-09-10,verano,0,9,No Festivo,27.06,75.375,10.291736,1750,3595,5345,lunes
253,2018-09-11,verano,0,9,No Festivo,26.786653,71.375,7.708618,1633,3413,5046,martes
254,2018-09-12,verano,0,9,No Festivo,26.418268,69.2174,5.957171,690,4023,4713,miercoles
255,2018-09-13,verano,0,9,No Festivo,26.684153,71.25,9.500868,701,4062,4763,jueves
256,2018-09-14,verano,0,9,No Festivo,27.606653,69.7083,11.2091,647,4138,4785,viernes
257,2018-09-15,verano,0,9,No Festivo,23.6775,70.9167,18.166782,428,3231,3659,sabado
258,2018-09-16,verano,0,9,No Festivo,19.235847,59.0417,11.000261,742,4018,4760,domingo
259,2018-09-17,verano,0,9,No Festivo,20.158347,71.8333,12.708225,1434,3077,4511,lunes
260,2018-09-18,verano,0,9,No Festivo,20.8075,69.5,11.958361,1353,2921,4274,martes
261,2018-09-19,verano,0,9,No Festivo,22.515847,69.0,10.166714,691,3848,4539,miercoles
262,2018-09-20,verano,0,9,No Festivo,23.028347,88.125,9.041918,438,3203,3641,jueves
263,2018-09-21,verano,0,9,No Festivo,24.395,90.0,6.4590814,539,3813,4352,viernes
264,2018-09-22,verano,0,9,No Festivo,25.761653,90.2083,8.584375,555,4240,4795,sabado
265,2018-09-23,otoño,0,9,No Festivo,24.975847,97.25,5.2505689,258,2137,2395,domingo
266,2018-09-24,otoño,0,9,No Festivo,24.873347,86.25,5.2516811,1776,3647,5423,lunes
267,2018-09-25,otoño,0,9,No Festivo,26.000847,84.5,3.3754064,1544,3466,5010,martes
268,2018-09-26,otoño,0,9,No Festivo,26.615847,84.8333,7.4169,684,3946,4630,miercoles
269,2018-09-27,otoño,0,9,No Festivo,26.103347,88.5417,7.917457,477,3643,4120,jueves
270,2018-09-28,otoño,0,9,No Festivo,26.035,84.875,9.958143,480,3427,3907,viernes
271,2018-09-29,otoño,0,9,No Festivo,25.283347,69.9167,11.583161,653,4186,4839,sabado
272,2018-09-30,otoño,0,9,No Festivo,23.130847,64.75,13.833825,830,4372,5202,domingo
273,2018-10-01,otoño,0,10,No Festivo,16.81,75.375,19.583832,480,1949,2429,lunes
274,2018-10-02,otoño,0,10,No Festivo,14.623347,79.1667,14.874871,616,2302,2918,martes
275,2018-10-03,otoño,0,10,No Festivo,15.750847,76.0833,5.5841686,330,3240,3570,miercoles
276,2018-10-04,otoño,0,10,No Festivo,19.850847,71.0,13.792218,486,3970,4456,jueves
277,2018-10-05,otoño,0,10,No Festivo,22.071653,64.7917,11.87575,559,4267,4826,viernes
278,2018-10-06,otoño,0,10,No Festivo,20.260847,62.0833,9.041918,639,4126,4765,sabado
279,2018-10-07,otoño,0,10,No Festivo,20.944153,68.4167,1.5002439,949,4036,4985,domingo
280,2018-10-08,otoño,0,10,Columbus Day,21.388347,70.125,3.0420814,2235,3174,5409,lunes
281,2018-10-09,otoño,0,10,No Festivo,22.174153,72.75,4.25115,2397,3114,5511,martes
282,2018-10-10,otoño,0,10,No Festivo,23.404153,73.375,2.8343814,1514,3603,5117,miercoles
283,2018-10-11,otoño,0,10,No Festivo,23.233347,80.875,9.583814,667,3896,4563,jueves
284,2018-10-12,otoño,0,10,No Festivo,22.276653,90.625,16.62605,217,2199,2416,viernes
285,2018-10-13,otoño,0,10,No Festivo,24.155847,89.6667,9.499729,290,2623,2913,sabado
286,2018-10-14,otoño,0,10,No Festivo,22.584153,71.625,15.000161,529,3115,3644,domingo
287,2018-10-15,otoño,0,10,No Festivo,20.773347,48.3333,17.291561,1899,3318,5217,lunes
288,2018-10-16,otoño,0,10,No Festivo,20.978347,48.6667,18.875039,1748,3293,5041,martes
289,2018-10-17,otoño,0,10,No Festivo,21.900847,57.9583,11.750393,713,3857,4570,miercoles
290,2018-10-18,otoño,0,10,No Festivo,21.8325,70.1667,7.375829,637,4111,4748,jueves
291,2018-10-19,otoño,0,10,No Festivo,22.211299,89.5217,16.303713,254,2170,2424,viernes
292,2018-10-20,otoño,0,10,No Festivo,19.509153,63.625,28.292425,471,3724,4195,sabado
293,2018-10-21,otoño,0,10,No Festivo,17.5275,57.4167,14.833532,676,3628,4304,domingo
294,2018-10-22,otoño,0,10,No Festivo,17.3225,62.9167,6.2086689,1499,2809,4308,lunes
295,2018-10-23,otoño,0,10,No Festivo,17.288347,74.125,6.6673375,1619,2762,4381,martes
296,2018-10-24,otoño,0,10,No Festivo,18.996653,77.2083,7.959064,699,3488,4187,miercoles
297,2018-10-25,otoño,0,10,No Festivo,19.338347,62.2917,11.166086,695,3992,4687,jueves
298,2018-10-26,otoño,0,10,No Festivo,19.850847,72.0417,9.959014,404,3490,3894,viernes
299,2018-10-27,otoño,0,10,No Festivo,19.27,81.2917,13.250121,240,2419,2659,sabado
300,2018-10-28,otoño,0,10,No Festivo,13.564153,58.5833,15.375093,456,3291,3747,domingo
301,2018-10-29,otoño,0,10,No Festivo,10.420847,88.25,23.541857,57,570,627,lunes
302,2018-10-30,otoño,0,10,No Festivo,13.085847,62.375,11.833339,885,2446,3331,martes
303,2018-10-31,otoño,0,10,No Festivo,13.94,70.3333,7.12545,362,3307,3669,miercoles
304,2018-11-01,otoño,0,11,No Festivo,16.434153,68.375,9.083257,410,3658,4068,jueves
305,2018-11-02,otoño,0,11,No Festivo,15.4775,71.875,5.5001439,370,3816,4186,viernes
306,2018-11-03,otoño,0,11,No Festivo,16.741653,70.2083,9.166739,318,3656,3974,sabado
307,2018-11-04,otoño,0,11,No Festivo,16.536653,62.25,18.209193,470,3576,4046,domingo
308,2018-11-05,otoño,0,11,No Festivo,13.393347,51.9167,12.667154,1156,2770,3926,lunes
309,2018-11-06,otoño,0,11,No Festivo,14.281653,73.4583,6.1676314,952,2697,3649,martes
310,2018-11-07,otoño,0,11,No Festivo,16.195,75.875,3.834075,373,3662,4035,miercoles
311,2018-11-08,otoño,0,11,No Festivo,16.741653,72.1667,4.6255125,376,3829,4205,jueves
312,2018-11-09,otoño,0,11,No Festivo,16.4,75.8333,4.1671186,305,3804,4109,viernes
313,2018-11-10,otoño,0,11,No Festivo,15.58,81.3333,12.667489,190,2743,2933,sabado
314,2018-11-11,otoño,0,11,Veterans Day,13.290847,44.625,21.083225,440,2928,3368,domingo
315,2018-11-12,otoño,0,11,Veterans Day (Observed),14.623347,55.2917,14.208154,1275,2792,4067,lunes
316,2018-11-13,otoño,0,11,No Festivo,18.074153,45.8333,18.875307,1004,2713,3717,martes
317,2018-11-14,otoño,0,11,No Festivo,21.73,58.7083,20.541932,595,3891,4486,miercoles
318,2018-11-15,otoño,0,11,No Festivo,21.73,68.875,13.375411,449,3746,4195,jueves
319,2018-11-16,otoño,0,11,No Festivo,18.723347,93.0,9.167543,145,1672,1817,viernes
320,2018-11-17,otoño,0,11,No Festivo,14.008347,57.5833,20.459254,139,2914,3053,sabado
321,2018-11-18,otoño,0,11,No Festivo,11.240847,41.0,11.291711,245,3147,3392,domingo
322,2018-11-19,otoño,0,11,No Festivo,13.495847,50.2083,15.041232,943,2720,3663,lunes
323,2018-11-20,otoño,0,11,No Festivo,18.996653,68.4583,12.45865,787,2733,3520,martes
324,2018-11-21,otoño,0,11,No Festivo,18.3475,91.0,9.249618,220,2545,2765,miercoles
325,2018-11-22,otoño,0,11,Thanksgiving,17.083347,96.25,7.959064,69,1538,1607,jueves
326,2018-11-23,otoño,0,11,No Festivo,18.074153,75.7917,22.500275,112,2454,2566,viernes
327,2018-11-24,otoño,0,11,No Festivo,15.306653,54.9167,11.209368,560,935,1495,sabado
328,2018-11-25,otoño,0,11,No Festivo,15.375,64.375,6.6260186,1095,1697,2792,domingo
329,2018-11-26,otoño,0,11,No Festivo,15.409153,68.1667,4.5841936,1249,1819,3068,lunes
330,2018-11-27,otoño,0,11,No Festivo,18.825847,69.8333,13.999918,810,2261,3071,martes
331,2018-11-28,otoño,0,11,No Festivo,20.642598,74.3043,9.522174,253,3614,3867,miercoles
332,2018-11-29,otoño,0,11,No Festivo,18.791653,83.0833,17.292164,96,2818,2914,jueves
333,2018-11-30,otoño,0,11,No Festivo,13.325,61.3333,18.167586,188,3425,3613,viernes
334,2018-12-01,otoño,0,12,No Festivo,12.8125,52.4583,14.750586,182,3545,3727,sabado
335,2018-12-02,otoño,0,12,No Festivo,12.880847,62.5833,6.750518,268,3672,3940,domingo
336,2018-12-03,otoño,0,12,No Festivo,12.265847,61.2917,6.4174811,706,2908,3614,lunes
337,2018-12-04,otoño,0,12,No Festivo,13.564153,77.5833,5.6252061,634,2851,3485,martes
338,2018-12-05,otoño,0,12,No Festivo,15.819153,82.7083,4.1679561,233,3578,3811,miercoles
339,2018-12-06,otoño,0,12,No Festivo,18.9625,94.9583,15.583061,126,2468,2594,jueves
340,2018-12-07,otoño,0,12,No Festivo,16.81,97.0417,17.833725,50,655,705,viernes
341,2018-12-08,otoño,0,12,No Festivo,10.899153,58.0,16.083886,150,3172,3322,sabado
342,2018-12-09,otoño,0,12,No Festivo,11.924153,69.5833,5.5420189,261,3359,3620,domingo
343,2018-12-10,otoño,0,12,No Festivo,11.275,50.75,15.625807,502,2688,3190,lunes
344,2018-12-11,otoño,0,12,No Festivo,9.054153,49.0,4.4582939,377,2366,2743,martes
345,2018-12-12,otoño,0,12,No Festivo,9.771653,67.0833,4.25115,143,3167,3310,miercoles
346,2018-12-13,otoño,0,12,No Festivo,11.5825,59.0,9.41685,155,3368,3523,jueves
347,2018-12-14,otoño,0,12,No Festivo,13.0175,66.375,4.0842061,178,3562,3740,viernes
348,2018-12-15,otoño,0,12,No Festivo,17.3225,63.4167,17.958814,181,3528,3709,sabado
349,2018-12-16,otoño,0,12,No Festivo,15.375,50.0417,17.458525,178,3399,3577,domingo
350,2018-12-17,otoño,0,12,No Festivo,10.591653,56.0833,16.292189,275,2464,2739,lunes
351,2018-12-18,otoño,0,12,No Festivo,9.771653,58.625,11.375193,220,2211,2431,martes
352,2018-12-19,otoño,0,12,No Festivo,11.343347,63.75,11.584032,260,3143,3403,miercoles
353,2018-12-20,otoño,0,12,No Festivo,15.819153,59.5417,4.1252436,216,3534,3750,jueves
354,2018-12-21,invierno,0,12,No Festivo,17.561653,85.8333,14.8338,107,2553,2660,viernes
355,2018-12-22,invierno,0,12,No Festivo,17.356653,75.75,3.167425,227,2841,3068,sabado
356,2018-12-23,invierno,0,12,No Festivo,15.306653,68.625,18.374482,163,2046,2209,domingo
357,2018-12-24,invierno,0,12,No Festivo,12.4025,54.25,12.750368,155,856,1011,lunes
358,2018-12-25,invierno,0,12,Christmas Day,11.266103,68.1304,10.391097,303,451,754,martes
359,2018-12-26,invierno,0,12,No Festivo,13.191299,50.6957,16.044155,430,887,1317,miercoles
360,2018-12-27,invierno,0,12,No Festivo,13.325,76.25,12.62615,103,1059,1162,jueves
361,2018-12-28,invierno,0,12,No Festivo,12.26433,50.3913,19.695387,255,2047,2302,viernes
362,2018-12-29,invierno,0,12,No Festivo,10.181653,57.4167,8.000604,254,2169,2423,sabado
363,2018-12-30,invierno,0,12,No Festivo,12.778347,63.6667,9.000579,491,2508,2999,domingo
364,2018-12-31,invierno,0,12,No Festivo,16.81,61.5833,14.750318,665,1820,2485,lunes
365,2019-01-01,invierno,1,1,New Year's Day,15.17,69.25,12.875189,686,1608,2294,martes
366,2019-01-02,invierno,1,1,No Festivo,11.194763,38.1304,22.087555,244,1707,1951,miercoles
367,2019-01-03,invierno,1,1,No Festivo,6.15,44.125,24.499957,89,2147,2236,jueves
368,2019-01-04,invierno,1,1,No Festivo,4.4075,41.4583,12.3749,95,2273,2368,viernes
369,2019-01-05,invierno,1,1,No Festivo,10.899153,52.4167,8.709129,140,3132,3272,sabado
370,2019-01-06,invierno,1,1,No Festivo,13.700847,54.2083,11.249836,307,3791,4098,domingo
371,2019-01-07,invierno,1,1,No Festivo,16.126653,53.1667,11.708786,1070,3451,4521,lunes
372,2019-01-08,invierno,1,1,No Festivo,13.8375,46.5,12.833314,599,2826,3425,martes
373,2019-01-09,invierno,1,1,No Festivo,9.190847,70.1667,6.6263,106,2270,2376,miercoles
374,2019-01-10,invierno,1,1,No Festivo,12.656536,64.6522,12.565984,173,3425,3598,jueves
375,2019-01-11,invierno,1,1,No Festivo,11.240847,84.75,8.791807,92,2085,2177,viernes
376,2019-01-12,invierno,1,1,No Festivo,15.6825,80.2917,12.124789,269,3828,4097,sabado
377,2019-01-13,invierno,1,1,No Festivo,11.240847,50.75,25.333236,174,3040,3214,domingo
378,2019-01-14,invierno,1,1,No Festivo,7.38,45.75,12.541261,333,2160,2493,lunes
379,2019-01-15,invierno,1,1,No Festivo,6.833347,41.9167,16.834286,284,2027,2311,martes
380,2019-01-16,invierno,1,1,No Festivo,7.79,52.25,15.500986,217,2081,2298,miercoles
381,2019-01-17,invierno,1,1,No Festivo,15.294763,71.6087,23.39171,127,2808,2935,jueves
382,2019-01-18,invierno,1,1,No Festivo,12.436653,44.3333,27.833743,109,3267,3376,viernes
383,2019-01-19,invierno,1,1,No Festivo,7.79,49.75,14.750586,130,3162,3292,sabado
384,2019-01-20,invierno,1,1,No Festivo,8.9175,45.0,13.58425,115,3048,3163,domingo
385,2019-01-21,invierno,1,1,Martin Luther King Jr. Day,7.106653,83.125,14.917014,67,1234,1301,lunes
386,2019-01-22,invierno,1,1,No Festivo,6.6625,79.625,13.375746,196,1781,1977,martes
387,2019-01-23,invierno,1,1,No Festivo,8.951653,91.125,7.417436,145,2287,2432,miercoles
388,2019-01-24,invierno,1,1,No Festivo,14.0425,83.5833,8.292389,439,3900,4339,jueves
389,2019-01-25,invierno,1,1,No Festivo,12.060847,64.375,10.791757,467,3803,4270,viernes
390,2019-01-26,invierno,1,1,No Festivo,14.008347,76.9583,4.9175186,244,3831,4075,sabado
391,2019-01-27,invierno,1,1,No Festivo,17.425,74.125,22.958689,269,3187,3456,domingo
392,2019-01-28,invierno,1,1,No Festivo,12.949153,54.3333,14.125543,775,3248,4023,lunes
393,2019-01-29,invierno,1,1,No Festivo,11.5825,31.125,16.08335,558,2685,3243,martes
394,2019-01-30,invierno,1,1,No Festivo,11.035847,40.0833,14.458064,126,3498,3624,miercoles
395,2019-01-31,invierno,1,1,No Festivo,15.99,41.6667,17.541739,324,4185,4509,jueves
396,2019-02-01,invierno,1,2,No Festivo,19.235847,50.7917,12.667489,304,4275,4579,viernes
397,2019-02-02,invierno,1,2,No Festivo,16.365847,67.2917,12.541529,190,3571,3761,sabado
398,2019-02-03,invierno,1,2,No Festivo,12.846653,52.6667,11.959232,310,3841,4151,domingo
399,2019-02-04,invierno,1,2,No Festivo,10.830847,77.9583,8.167032,384,2448,2832,lunes
400,2019-02-05,invierno,1,2,No Festivo,10.899153,68.7917,11.791732,318,2629,2947,martes
401,2019-02-06,invierno,1,2,No Festivo,11.586969,62.2174,10.3046,206,3578,3784,miercoles
402,2019-02-07,invierno,1,2,No Festivo,14.520847,49.625,9.874393,199,4176,4375,jueves
403,2019-02-08,invierno,1,2,No Festivo,10.523347,72.2917,8.959307,109,2693,2802,viernes
404,2019-02-09,invierno,1,2,No Festivo,10.865,56.2083,13.000479,163,3667,3830,sabado
405,2019-02-10,invierno,1,2,No Festivo,11.514153,54.0,7.834243,227,3604,3831,domingo
406,2019-02-11,invierno,1,2,No Festivo,9.190847,73.125,19.416332,192,1977,2169,lunes
407,2019-02-12,invierno,1,2,No Festivo,5.2275,46.4583,27.417204,73,1456,1529,martes
408,2019-02-13,invierno,1,2,No Festivo,9.1225,41.125,11.207961,94,3328,3422,miercoles
409,2019-02-14,invierno,1,2,No Festivo,13.085847,50.875,9.458993,135,3787,3922,jueves
410,2019-02-15,invierno,1,2,No Festivo,14.281653,53.125,12.1672,141,4028,4169,viernes
411,2019-02-16,invierno,1,2,No Festivo,12.983347,75.2917,6.125475,74,2931,3005,sabado
412,2019-02-17,invierno,1,2,No Festivo,14.076653,63.4583,13.791682,349,3805,4154,domingo
413,2019-02-18,invierno,1,2,Washington's Birthday,14.213347,53.4583,12.792243,1435,2883,4318,lunes
414,2019-02-19,invierno,1,2,No Festivo,11.48,51.5833,16.958504,618,2071,2689,martes
415,2019-02-20,invierno,1,2,No Festivo,11.48,50.7826,15.348561,502,2627,3129,miercoles
416,2019-02-21,invierno,1,2,No Festivo,11.800866,59.4348,13.783039,163,3614,3777,jueves
417,2019-02-22,invierno,1,2,No Festivo,16.229153,56.7917,15.709557,394,4379,4773,viernes
418,2019-02-23,invierno,1,2,No Festivo,18.620847,55.4583,12.791171,516,4546,5062,sabado
419,2019-02-24,invierno,1,2,No Festivo,16.7075,73.75,15.916989,246,3241,3487,domingo
420,2019-02-25,invierno,1,2,No Festivo,11.924153,39.5833,28.250014,317,2415,2732,lunes
421,2019-02-26,invierno,1,2,No Festivo,11.445847,41.0,13.750343,515,2874,3389,martes
422,2019-02-27,invierno,1,2,No Festivo,15.033347,49.0833,17.958211,253,4069,4322,miercoles
423,2019-02-28,invierno,1,2,No Festivo,14.725847,39.5833,12.958939,229,4134,4363,jueves
424,2019-03-01,invierno,1,3,No Festivo,19.919153,61.5417,15.208129,325,4665,4990,viernes
425,2019-03-02,invierno,1,3,No Festivo,14.486653,65.7083,9.708568,246,2948,3194,sabado
426,2019-03-03,invierno,1,3,No Festivo,16.980847,62.125,10.792293,956,3110,4066,domingo
427,2019-03-04,invierno,1,3,No Festivo,13.359153,40.3333,22.416257,710,2713,3423,lunes
428,2019-03-05,invierno,1,3,No Festivo,9.976653,50.625,15.333486,203,3130,3333,martes
429,2019-03-06,invierno,1,3,No Festivo,10.591653,45.6667,13.458625,221,3735,3956,miercoles
430,2019-03-07,invierno,1,3,No Festivo,16.570847,51.3333,23.167193,432,4484,4916,jueves
431,2019-03-08,invierno,1,3,No Festivo,21.6275,56.75,29.584721,486,4896,5382,viernes
432,2019-03-09,invierno,1,3,No Festivo,16.844153,40.7083,27.7916,447,4122,4569,sabado
433,2019-03-10,invierno,1,3,No Festivo,11.7875,35.0417,15.12525,968,3150,4118,domingo
434,2019-03-11,invierno,1,3,No Festivo,14.831299,47.6957,14.913329,1658,3253,4911,lunes
435,2019-03-12,invierno,1,3,No Festivo,19.133347,48.9167,13.916771,838,4460,5298,martes
436,2019-03-13,invierno,1,3,No Festivo,23.165,61.75,15.87565,762,5085,5847,miercoles
437,2019-03-14,invierno,1,3,No Festivo,23.4725,50.7083,7.709154,997,5315,6312,jueves
438,2019-03-15,invierno,1,3,No Festivo,22.8575,57.9583,10.042161,1005,5187,6192,viernes
439,2019-03-16,invierno,1,3,No Festivo,17.869153,84.2083,7.583864,548,3830,4378,sabado
440,2019-03-17,invierno,1,3,No Festivo,21.080847,75.5833,7.417168,3155,4681,7836,domingo
441,2019-03-18,invierno,1,3,No Festivo,19.3725,81.0,8.501161,2207,3685,5892,lunes
442,2019-03-19,invierno,1,3,No Festivo,22.345,72.875,10.875239,982,5171,6153,martes
443,2019-03-20,invierno,1,3,No Festivo,22.994153,80.7917,8.125157,1051,5042,6093,miercoles
444,2019-03-21,primavera,1,3,No Festivo,21.798347,82.125,6.0004061,1122,5108,6230,jueves
445,2019-03-22,primavera,1,3,No Festivo,22.720847,83.125,7.876654,1334,5537,6871,viernes
446,2019-03-23,primavera,1,3,No Festivo,24.668347,69.4167,7.7921,2469,5893,8362,sabado
447,2019-03-24,primavera,1,3,No Festivo,20.6025,88.5417,12.916461,1033,2339,3372,domingo
448,2019-03-25,primavera,1,3,No Festivo,17.9375,88.0833,14.791925,1532,3464,4996,lunes
449,2019-03-26,primavera,1,3,No Festivo,18.279153,47.7917,25.917007,795,4763,5558,martes
450,2019-03-27,primavera,1,3,No Festivo,13.256653,29.0,12.541864,531,4571,5102,miercoles
451,2019-03-28,primavera,1,3,No Festivo,19.850847,48.125,19.541957,674,5024,5698,jueves
452,2019-03-29,primavera,1,3,No Festivo,20.260847,43.9167,21.41655,834,5299,6133,viernes
453,2019-03-30,primavera,1,3,No Festivo,15.17,58.0833,9.250489,796,4663,5459,sabado
454,2019-03-31,primavera,1,3,No Festivo,17.390847,73.8333,16.791339,2301,3934,6235,domingo
455,2019-04-01,primavera,1,4,No Festivo,17.459153,67.625,11.541889,2347,3694,6041,lunes
456,2019-04-02,primavera,1,4,No Festivo,17.790433,50.4348,20.913313,1208,4728,5936,martes
457,2019-04-03,primavera,1,4,No Festivo,19.133347,39.6667,6.708911,1348,5424,6772,miercoles
458,2019-04-04,primavera,1,4,No Festivo,22.208347,46.9583,12.125325,1058,5378,6436,jueves
459,2019-04-05,primavera,1,4,No Festivo,17.835,37.4167,14.708443,1192,5265,6457,viernes
460,2019-04-06,primavera,1,4,No Festivo,16.536653,37.7083,20.125996,1807,4653,6460,sabado
461,2019-04-07,primavera,1,4,No Festivo,17.9375,25.4167,18.416357,3252,3605,6857,domingo
462,2019-04-08,primavera,1,4,No Festivo,20.5,27.5833,15.583932,2230,2939,5169,lunes
463,2019-04-09,primavera,1,4,No Festivo,20.055847,31.75,23.999132,905,4680,5585,martes
464,2019-04-10,primavera,1,4,No Festivo,18.313347,43.5,16.708125,819,5099,5918,miercoles
465,2019-04-11,primavera,1,4,No Festivo,14.296536,46.9565,19.783358,482,4380,4862,jueves
466,2019-04-12,primavera,1,4,No Festivo,16.2975,46.625,19.458743,663,4746,5409,viernes
467,2019-04-13,primavera,1,4,No Festivo,18.1425,40.8333,10.416557,1252,5146,6398,sabado
468,2019-04-14,primavera,1,4,No Festivo,20.295,50.2917,12.791439,2795,4665,7460,domingo
469,2019-04-15,primavera,1,4,No Festivo,24.873347,50.7917,15.083643,2846,4286,7132,lunes
470,2019-04-16,primavera,1,4,No Festivo,27.230847,56.1667,19.083543,1198,5172,6370,martes
471,2019-04-17,primavera,1,4,No Festivo,24.941653,39.0417,18.333143,989,5702,6691,miercoles
472,2019-04-18,primavera,1,4,No Festivo,18.996653,56.9167,11.250104,347,4020,4367,jueves
473,2019-04-19,primavera,1,4,No Festivo,20.431653,61.25,4.4172564,846,5719,6565,viernes
474,2019-04-20,primavera,1,4,No Festivo,21.593347,69.4583,10.041357,1340,5950,7290,sabado
475,2019-04-21,primavera,1,4,No Festivo,23.37,68.2917,19.000329,2541,4083,6624,domingo
476,2019-04-22,primavera,1,4,No Festivo,16.263347,83.5417,23.084582,120,907,1027,lunes
477,2019-04-23,primavera,1,4,No Festivo,13.188347,76.6667,20.334232,195,3019,3214,martes
478,2019-04-24,primavera,1,4,No Festivo,16.946653,45.4167,16.708661,518,5115,5633,miercoles
479,2019-04-25,primavera,1,4,No Festivo,19.543347,42.7917,7.959064,655,5541,6196,jueves
480,2019-04-26,primavera,1,4,No Festivo,20.431653,75.6667,11.833875,475,4551,5026,viernes
481,2019-04-27,primavera,1,4,No Festivo,18.7575,40.0833,23.291411,1014,5219,6233,sabado
482,2019-04-28,primavera,1,4,No Festivo,15.443347,48.9583,8.708325,1120,3100,4220,domingo
483,2019-04-29,primavera,1,4,No Festivo,18.791653,58.7083,7.832836,2229,4075,6304,lunes
484,2019-04-30,primavera,1,4,No Festivo,19.030847,57.0,11.499746,665,4907,5572,martes
485,2019-05-01,primavera,1,5,No Festivo,25.146653,65.9583,10.458432,653,5087,5740,miercoles
486,2019-05-02,primavera,1,5,No Festivo,23.130847,79.7083,9.249886,667,5502,6169,jueves
487,2019-05-03,primavera,1,5,No Festivo,22.96,76.8333,8.957632,764,5657,6421,viernes
488,2019-05-04,primavera,1,5,No Festivo,25.7275,73.5417,10.916846,1069,5227,6296,sabado
489,2019-05-05,primavera,1,5,No Festivo,25.488347,75.6667,10.250464,2496,4387,6883,domingo
490,2019-05-06,primavera,1,5,No Festivo,23.0625,74.0,10.041893,2135,4224,6359,lunes
491,2019-05-07,primavera,1,5,No Festivo,22.0375,66.4167,15.458307,1008,5265,6273,martes
492,2019-05-08,primavera,1,5,No Festivo,23.848347,68.5833,19.833943,738,4990,5728,miercoles
493,2019-05-09,primavera,1,5,No Festivo,23.575,74.4167,14.499604,620,4097,4717,jueves
494,2019-05-10,primavera,1,5,No Festivo,20.739153,55.2083,21.042221,1026,5546,6572,viernes
495,2019-05-11,primavera,1,5,No Festivo,21.866653,36.0417,15.874779,1319,5711,7030,sabado
496,2019-05-12,primavera,1,5,No Festivo,23.130847,48.0417,8.249911,2622,4807,7429,domingo
497,2019-05-13,primavera,1,5,No Festivo,25.1125,57.625,15.082839,2172,3946,6118,lunes
498,2019-05-14,primavera,1,5,No Festivo,23.506653,78.9583,14.250364,342,2501,2843,martes
499,2019-05-15,primavera,1,5,No Festivo,25.078347,79.4583,9.875264,625,4490,5115,miercoles
500,2019-05-16,primavera,1,5,No Festivo,26.103347,69.7917,8.208304,991,6433,7424,jueves
501,2019-05-17,primavera,1,5,No Festivo,24.326653,52.0,15.374825,1242,6142,7384,viernes
502,2019-05-18,primavera,1,5,No Festivo,23.130847,52.3333,9.166739,1521,6118,7639,sabado
503,2019-05-19,primavera,1,5,No Festivo,24.6,45.625,5.626325,3410,4884,8294,domingo
504,2019-05-20,primavera,1,5,No Festivo,25.454153,53.0417,17.042589,2704,4425,7129,lunes
505,2019-05-21,primavera,1,5,No Festivo,24.531653,81.125,15.624668,630,3729,4359,martes
506,2019-05-22,primavera,1,5,No Festivo,25.215,76.5833,7.917189,819,5254,6073,miercoles
507,2019-05-23,primavera,1,5,No Festivo,25.488347,77.4583,6.834,766,4494,5260,jueves
508,2019-05-24,primavera,1,5,No Festivo,26.855,71.6667,11.584032,1059,5711,6770,viernes
509,2019-05-25,primavera,1,5,No Festivo,27.88,74.7083,9.41685,1417,5317,6734,sabado
510,2019-05-26,primavera,1,5,No Festivo,28.3925,73.25,13.332464,2855,3681,6536,domingo
511,2019-05-27,primavera,1,5,Memorial Day,28.29,69.7083,14.416457,3283,3308,6591,lunes
512,2019-05-28,primavera,1,5,No Festivo,29.2125,67.625,13.166907,2557,3486,6043,martes
513,2019-05-29,primavera,1,5,No Festivo,29.6225,68.4583,19.7918,880,4863,5743,miercoles
514,2019-05-30,primavera,1,5,No Festivo,26.923347,67.0,9.000043,745,6110,6855,jueves
515,2019-05-31,primavera,1,5,No Festivo,27.88,49.2917,13.083693,1100,6238,7338,viernes
516,2019-06-01,primavera,1,6,No Festivo,26.820847,75.5417,15.916721,533,3594,4127,sabado
517,2019-06-02,primavera,1,6,No Festivo,23.916653,54.9167,12.499654,2795,5325,8120,domingo
518,2019-06-03,primavera,1,6,No Festivo,24.7025,49.3333,12.333829,2494,5147,7641,lunes
519,2019-06-04,primavera,1,6,No Festivo,24.4975,48.7083,19.083811,1071,5927,6998,martes
520,2019-06-05,primavera,1,6,No Festivo,22.174153,61.3333,14.041525,968,6033,7001,miercoles
521,2019-06-06,primavera,1,6,No Festivo,22.720847,61.125,5.167375,1027,6028,7055,jueves
522,2019-06-07,primavera,1,6,No Festivo,24.7025,56.7083,10.54245,1038,6456,7494,viernes
523,2019-06-08,primavera,1,6,No Festivo,26.615847,46.7917,11.750661,1488,6248,7736,sabado
524,2019-06-09,primavera,1,6,No Festivo,29.144153,43.7083,9.667229,2708,4790,7498,domingo
525,2019-06-10,primavera,1,6,No Festivo,29.793347,53.8333,8.959307,2224,4374,6598,lunes
526,2019-06-11,primavera,1,6,No Festivo,29.554153,58.7917,13.916771,1017,5647,6664,martes
527,2019-06-12,primavera,1,6,No Festivo,26.786653,83.3333,14.374582,477,4495,4972,miercoles
528,2019-06-13,primavera,1,6,No Festivo,26.889153,58.2083,22.999693,1173,6248,7421,jueves
529,2019-06-14,primavera,1,6,No Festivo,26.581653,56.9583,17.000111,1180,6183,7363,viernes
530,2019-06-15,primavera,1,6,No Festivo,26.205847,58.9583,11.833339,1563,6102,7665,sabado
531,2019-06-16,primavera,1,6,No Festivo,25.898347,50.4167,11.166689,2963,4739,7702,domingo
532,2019-06-17,primavera,1,6,No Festivo,24.2925,59.875,9.708568,2634,4344,6978,lunes
533,2019-06-18,primavera,1,6,No Festivo,23.301653,77.7917,11.707982,653,4446,5099,martes
534,2019-06-19,primavera,1,6,No Festivo,28.221653,69.0,9.917139,968,5857,6825,miercoles
535,2019-06-20,primavera,1,6,No Festivo,32.0825,59.2083,7.625404,872,5339,6211,jueves
536,2019-06-21,verano,1,6,No Festivo,33.039153,56.7917,7.958729,778,5127,5905,viernes
537,2019-06-22,verano,1,6,No Festivo,31.8775,57.375,12.250414,964,4859,5823,sabado
538,2019-06-23,verano,1,6,No Festivo,29.998347,53.4583,12.041307,2657,4801,7458,domingo
539,2019-06-24,verano,1,6,No Festivo,30.476653,47.9167,9.750175,2551,4340,6891,lunes
540,2019-06-25,verano,1,6,No Festivo,29.349153,50.4167,20.125661,1139,5640,6779,martes
541,2019-06-26,verano,1,6,No Festivo,25.864153,37.3333,23.292014,1077,6365,7442,miercoles
542,2019-06-27,verano,1,6,No Festivo,28.5975,36.0,18.208925,1077,6258,7335,jueves
543,2019-06-28,verano,1,6,No Festivo,30.715847,42.25,11.50055,921,5958,6879,viernes
544,2019-06-29,verano,1,6,No Festivo,34.200847,48.875,11.082939,829,4634,5463,sabado
545,2019-06-30,verano,1,6,No Festivo,31.365,60.125,10.791757,1455,4232,5687,domingo
546,2019-07-01,verano,1,7,No Festivo,33.449153,51.875,11.291443,1421,4110,5531,lunes
547,2019-07-02,verano,1,7,No Festivo,32.048347,44.7083,13.082889,904,5323,6227,martes
548,2019-07-03,verano,1,7,No Festivo,32.014153,49.2083,8.457879,1052,5608,6660,miercoles
549,2019-07-04,verano,1,7,Independence Day,32.355847,53.875,9.04165,2562,4841,7403,jueves
550,2019-07-05,verano,1,7,No Festivo,33.9275,45.7917,12.999943,1405,4836,6241,viernes
551,2019-07-06,verano,1,7,No Festivo,33.961653,45.0833,9.791514,1366,4841,6207,sabado
552,2019-07-07,verano,1,7,No Festivo,35.328347,49.2083,10.958118,1448,3392,4840,domingo
553,2019-07-08,verano,1,7,No Festivo,33.7225,57.375,8.417143,1203,3469,4672,lunes
554,2019-07-09,verano,1,7,No Festivo,29.144153,68.3333,12.125325,998,5571,6569,martes
555,2019-07-10,verano,1,7,No Festivo,29.554153,66.75,10.166379,954,5336,6290,miercoles
556,2019-07-11,verano,1,7,No Festivo,29.383347,63.3333,10.166111,975,6289,7264,jueves
557,2019-07-12,verano,1,7,No Festivo,29.349153,52.9583,9.833925,1032,6414,7446,viernes
558,2019-07-13,verano,1,7,No Festivo,29.998347,48.5833,5.41695,1511,5988,7499,sabado
559,2019-07-14,verano,1,7,No Festivo,28.836653,69.9167,9.626493,2355,4614,6969,domingo
560,2019-07-15,verano,1,7,No Festivo,30.579153,71.7917,11.166689,1920,4111,6031,lunes
561,2019-07-16,verano,1,7,No Festivo,31.296653,64.5,11.000529,1088,5742,6830,martes
562,2019-07-17,verano,1,7,No Festivo,33.551653,50.5833,7.666743,921,5865,6786,miercoles
563,2019-07-18,verano,1,7,No Festivo,32.526653,57.7083,9.208614,799,4914,5713,jueves
564,2019-07-19,verano,1,7,No Festivo,31.57,60.0417,11.083743,888,5703,6591,viernes
565,2019-07-20,verano,1,7,No Festivo,27.299153,84.4167,14.000789,747,5123,5870,sabado
566,2019-07-21,verano,1,7,No Festivo,24.429153,86.5417,14.2911,1264,3195,4459,domingo
567,2019-07-22,verano,1,7,No Festivo,27.3675,76.25,6.2926936,2544,4866,7410,lunes
568,2019-07-23,verano,1,7,No Festivo,30.408347,69.4167,9.291761,1135,5831,6966,martes
569,2019-07-24,verano,1,7,No Festivo,30.784153,65.5,14.167418,1140,6452,7592,miercoles
570,2019-07-25,verano,1,7,No Festivo,29.690847,45.0,11.0416,1383,6790,8173,jueves
571,2019-07-26,verano,1,7,No Festivo,31.843347,59.6667,19.082471,1036,5825,6861,viernes
572,2019-07-27,verano,1,7,No Festivo,32.048347,59.4583,10.250464,1259,5645,6904,sabado
573,2019-07-28,verano,1,7,No Festivo,30.989153,61.3333,10.54245,2234,4451,6685,domingo
574,2019-07-29,verano,1,7,No Festivo,29.588347,62.375,11.416532,2153,4444,6597,lunes
575,2019-07-30,verano,1,7,No Festivo,29.964153,66.875,10.292339,1040,6065,7105,martes
576,2019-07-31,verano,1,7,No Festivo,29.246653,70.4167,11.083475,968,6248,7216,miercoles
577,2019-08-01,verano,1,8,No Festivo,29.4175,67.75,9.458993,1074,6506,7580,jueves
578,2019-08-02,verano,1,8,No Festivo,30.8525,65.9583,8.666718,983,6278,7261,viernes
579,2019-08-03,verano,1,8,No Festivo,31.399153,64.25,14.458064,1328,5847,7175,sabado
580,2019-08-04,verano,1,8,No Festivo,32.526653,61.3333,17.249686,2345,4479,6824,domingo
581,2019-08-05,verano,1,8,No Festivo,31.535847,65.25,19.458207,1707,3757,5464,lunes
582,2019-08-06,verano,1,8,No Festivo,30.8525,65.4167,8.666718,1233,5780,7013,martes
583,2019-08-07,verano,1,8,No Festivo,30.169153,70.375,7.832836,1278,5995,7273,miercoles
584,2019-08-08,verano,1,8,No Festivo,30.75,67.2917,7.4169,1263,6271,7534,jueves
585,2019-08-09,verano,1,8,No Festivo,30.989153,62.0417,10.4587,1196,6090,7286,viernes
586,2019-08-10,verano,1,8,No Festivo,29.349153,71.5833,16.000471,1065,4721,5786,sabado
587,2019-08-11,verano,1,8,No Festivo,28.3925,73.2917,13.834093,2247,4052,6299,domingo
588,2019-08-12,verano,1,8,No Festivo,28.734153,53.0417,8.208304,2182,4362,6544,lunes
589,2019-08-13,verano,1,8,No Festivo,29.554153,54.5417,9.126204,1207,5676,6883,martes
590,2019-08-14,verano,1,8,No Festivo,29.793347,68.6667,11.333586,1128,5656,6784,miercoles
591,2019-08-15,verano,1,8,No Festivo,28.973347,61.9583,11.374657,1198,6149,7347,jueves
592,2019-08-16,verano,1,8,No Festivo,29.485847,51.9167,9.500332,1338,6267,7605,viernes
593,2019-08-17,verano,1,8,No Festivo,29.656653,57.0833,15.500718,1483,5665,7148,sabado
594,2019-08-18,verano,1,8,No Festivo,27.811653,60.3333,11.917089,2827,5038,7865,domingo
595,2019-08-19,verano,1,8,No Festivo,26.069153,71.1667,5.79215,1208,3341,4549,lunes
596,2019-08-20,verano,1,8,No Festivo,26.069153,73.4167,8.708593,1026,5504,6530,martes
597,2019-08-21,verano,1,8,No Festivo,26.615847,67.375,4.8756436,1081,5925,7006,miercoles
598,2019-08-22,verano,1,8,No Festivo,27.3675,67.7083,4.7089811,1094,6281,7375,jueves
599,2019-08-23,verano,1,8,No Festivo,28.529153,63.5833,5.6679186,1363,6402,7765,viernes
600,2019-08-24,verano,1,8,No Festivo,28.8025,61.5,4.8337686,1325,6257,7582,sabado
601,2019-08-25,verano,1,8,No Festivo,27.128347,71.2917,16.375336,1829,4224,6053,domingo
602,2019-08-26,verano,1,8,No Festivo,26.786653,84.5833,15.333486,1483,3772,5255,lunes
603,2019-08-27,verano,1,8,No Festivo,28.836653,73.0417,8.625111,989,5928,6917,martes
604,2019-08-28,verano,1,8,No Festivo,29.861653,62.0,12.791975,935,6105,7040,miercoles
605,2019-08-29,verano,1,8,No Festivo,28.085,55.2083,7.541654,1177,6520,7697,jueves
606,2019-08-30,verano,1,8,No Festivo,28.973347,59.0417,5.1668189,1172,6541,7713,viernes
607,2019-08-31,verano,1,8,No Festivo,31.330847,58.75,11.291711,1433,5917,7350,sabado
608,2019-09-01,verano,1,9,No Festivo,30.886653,63.8333,7.583529,2352,3788,6140,domingo
609,2019-09-02,verano,1,9,Labor Day,28.563347,81.5,4.2927436,2613,3197,5810,lunes
610,2019-09-03,verano,1,9,No Festivo,29.0075,79.0833,10.125107,1965,4069,6034,martes
611,2019-09-04,verano,1,9,No Festivo,29.759153,75.5,15.833507,867,5997,6864,miercoles
612,2019-09-05,verano,1,9,No Festivo,30.203347,74.125,12.583136,832,6280,7112,jueves
613,2019-09-06,verano,1,9,No Festivo,28.563347,81.0417,9.542207,611,5592,6203,viernes
614,2019-09-07,verano,1,9,No Festivo,28.836653,73.625,11.500282,1045,6459,7504,sabado
615,2019-09-08,verano,1,9,No Festivo,27.025847,79.9167,18.833968,1557,4419,5976,domingo
616,2019-09-09,verano,1,9,No Festivo,25.01,54.75,15.041232,2570,5657,8227,lunes
617,2019-09-10,verano,1,9,No Festivo,23.916653,50.375,17.333771,1118,6407,7525,martes
618,2019-09-11,verano,1,9,No Festivo,23.6775,52.0,6.1676314,1070,6697,7767,miercoles
619,2019-09-12,verano,1,9,No Festivo,24.565847,57.7083,8.833682,1050,6820,7870,jueves
620,2019-09-13,verano,1,9,No Festivo,25.1125,63.7083,5.5422936,1054,6750,7804,viernes
621,2019-09-14,verano,1,9,No Festivo,25.966653,67.25,6.958821,1379,6630,8009,sabado
622,2019-09-15,verano,1,9,No Festivo,24.941653,50.1667,16.583907,3160,5554,8714,domingo
623,2019-09-16,verano,1,9,No Festivo,23.78,57.0,6.0422811,2166,5167,7333,lunes
624,2019-09-17,verano,1,9,No Festivo,23.814153,73.4583,10.166714,1022,5847,6869,martes
625,2019-09-18,verano,1,9,No Festivo,25.556653,87.25,23.958329,371,3702,4073,miercoles
626,2019-09-19,verano,1,9,No Festivo,22.6525,53.6667,14.416725,788,6803,7591,jueves
627,2019-09-20,verano,1,9,No Festivo,22.413347,61.8333,7.917189,939,6781,7720,viernes
628,2019-09-21,verano,1,9,No Festivo,24.565847,66.875,10.333343,1250,6917,8167,sabado
629,2019-09-22,verano,1,9,No Festivo,26.65,64.6667,19.000061,2512,5883,8395,domingo
630,2019-09-23,otoño,1,9,No Festivo,21.695847,46.7083,14.958286,2454,5453,7907,lunes
631,2019-09-24,otoño,1,9,No Festivo,21.080847,49.2917,9.541068,1001,6435,7436,martes
632,2019-09-25,otoño,1,9,No Festivo,22.55,57.0,15.833507,845,6693,7538,miercoles
633,2019-09-26,otoño,1,9,No Festivo,26.035,63.0833,16.3748,787,6946,7733,jueves
634,2019-09-27,otoño,1,9,No Festivo,26.65,69.0833,9.000914,751,6642,7393,viernes
635,2019-09-28,otoño,1,9,No Festivo,25.385847,69.0,10.999993,1045,6370,7415,sabado
636,2019-09-29,otoño,1,9,No Festivo,22.2425,54.2917,15.249468,2589,5966,8555,domingo
637,2019-09-30,otoño,1,9,No Festivo,21.593347,58.3333,9.042186,2015,4874,6889,lunes
638,2019-10-01,otoño,1,10,No Festivo,21.354153,64.9167,6.0838814,763,6015,6778,martes
639,2019-10-02,otoño,1,10,No Festivo,24.224153,87.1667,6.999825,315,4324,4639,miercoles
640,2019-10-03,otoño,1,10,No Festivo,26.9575,79.375,4.4585686,728,6844,7572,jueves
641,2019-10-04,otoño,1,10,No Festivo,26.9575,72.2917,7.875582,891,6437,7328,viernes
642,2019-10-05,otoño,1,10,No Festivo,25.215,62.75,7.12545,1516,6640,8156,sabado
643,2019-10-06,otoño,1,10,No Festivo,22.720847,66.4167,17.957675,3031,4934,7965,domingo
644,2019-10-07,otoño,1,10,No Festivo,17.049153,70.8333,9.457854,781,2729,3510,lunes
645,2019-10-08,otoño,1,10,No Festivo,15.716653,70.9583,12.708493,874,4604,5478,martes
646,2019-10-09,otoño,1,10,No Festivo,18.313347,76.1667,12.7501,601,5791,6392,miercoles
647,2019-10-10,otoño,1,10,No Festivo,21.080847,63.0833,12.584007,780,6911,7691,jueves
648,2019-10-11,otoño,1,10,No Festivo,17.835,46.3333,12.166932,834,6736,7570,viernes
649,2019-10-12,otoño,1,10,No Festivo,17.9375,53.9167,15.751164,1060,6222,7282,sabado
650,2019-10-13,otoño,1,10,No Festivo,16.126653,49.4583,9.791514,2252,4857,7109,domingo
651,2019-10-14,otoño,1,10,Columbus Day,21.388347,64.0417,18.667004,2080,4559,6639,lunes
652,2019-10-15,otoño,1,10,No Festivo,23.028347,70.75,19.834479,760,5115,5875,martes
653,2019-10-16,otoño,1,10,No Festivo,19.201653,55.8333,12.208807,922,6612,7534,miercoles
654,2019-10-17,otoño,1,10,No Festivo,18.689153,69.2917,6.791857,979,6482,7461,jueves
655,2019-10-18,otoño,1,10,No Festivo,21.4225,72.8333,15.874779,1008,6501,7509,viernes
656,2019-10-19,otoño,1,10,No Festivo,23.096653,81.5,9.041918,753,4671,5424,sabado
657,2019-10-20,otoño,1,10,No Festivo,19.850847,57.2917,7.874979,2806,5284,8090,domingo
658,2019-10-21,otoño,1,10,No Festivo,19.030847,51.0,11.125618,2132,4692,6824,lunes
659,2019-10-22,otoño,1,10,No Festivo,19.9875,56.8333,5.4593811,830,6228,7058,martes
660,2019-10-23,otoño,1,10,No Festivo,22.310847,64.1667,6.3345686,841,6625,7466,miercoles
661,2019-10-24,otoño,1,10,No Festivo,24.0875,63.625,4.8762064,795,6898,7693,jueves
662,2019-10-25,otoño,1,10,No Festivo,22.55,80.0417,8.333125,875,6484,7359,viernes
663,2019-10-26,otoño,1,10,No Festivo,22.379153,80.7083,8.875289,1182,6262,7444,sabado
664,2019-10-27,otoño,1,10,No Festivo,21.73,72.0,15.791364,2643,5209,7852,domingo
665,2019-10-28,otoño,1,10,No Festivo,19.5775,69.4583,26.666536,998,3461,4459,lunes
666,2019-10-29,otoño,1,10,No Festivo,18.04,88.0,23.9994,2,20,22,martes
667,2019-10-30,otoño,1,10,No Festivo,13.045462,82.5455,14.271603,87,1009,1096,miercoles
668,2019-10-31,otoño,1,10,No Festivo,14.6575,66.6667,11.166689,419,5147,5566,jueves
669,2019-11-01,otoño,1,11,No Festivo,14.999153,58.1667,10.542182,466,5520,5986,viernes
670,2019-11-02,otoño,1,11,No Festivo,14.555,52.2083,17.833725,618,5229,5847,sabado
671,2019-11-03,otoño,1,11,No Festivo,14.076653,49.125,18.125443,1029,4109,5138,domingo
672,2019-11-04,otoño,1,11,No Festivo,13.359153,53.2917,12.000236,1201,3906,5107,lunes
673,2019-11-05,otoño,1,11,No Festivo,13.085847,49.4167,15.833775,378,4881,5259,martes
674,2019-11-06,otoño,1,11,No Festivo,11.514153,56.7083,11.625371,466,5220,5686,miercoles
675,2019-11-07,otoño,1,11,No Festivo,12.129153,54.75,20.375236,326,4709,5035,jueves
676,2019-11-08,otoño,1,11,No Festivo,14.439134,33.3478,23.304945,340,4975,5315,viernes
677,2019-11-09,otoño,1,11,No Festivo,14.828347,54.0833,14.375386,709,5283,5992,sabado
678,2019-11-10,otoño,1,11,No Festivo,15.955847,64.5417,3.8756686,2090,4446,6536,domingo
679,2019-11-11,otoño,1,11,Veterans Day,17.254153,65.9167,8.5425,2290,4562,6852,lunes
680,2019-11-12,otoño,1,11,No Festivo,19.885,74.1667,11.625639,1097,5172,6269,martes
681,2019-11-13,otoño,1,11,No Festivo,14.076653,66.2917,22.917082,327,3767,4094,miercoles
682,2019-11-14,otoño,1,11,No Festivo,11.855847,55.2083,13.374875,373,5122,5495,jueves
683,2019-11-15,otoño,1,11,No Festivo,13.188347,62.0417,10.250129,320,5125,5445,viernes
684,2019-11-16,otoño,1,11,No Festivo,14.145,52.4583,11.458675,484,5214,5698,sabado
685,2019-11-17,otoño,1,11,No Festivo,13.325,54.5417,12.041843,1313,4316,5629,domingo
686,2019-11-18,otoño,1,11,No Festivo,14.0425,69.2917,15.250004,922,3747,4669,lunes
687,2019-11-19,otoño,1,11,No Festivo,15.614153,62.3333,15.749489,449,5050,5499,martes
688,2019-11-20,otoño,1,11,No Festivo,15.340847,68.5,5.542575,534,5100,5634,miercoles
689,2019-11-21,otoño,1,11,No Festivo,14.486653,61.375,6.917482,615,4531,5146,jueves
690,2019-11-22,otoño,1,11,No Festivo,13.94,58.0417,3.5423436,955,1470,2425,viernes
691,2019-11-23,otoño,1,11,No Festivo,15.101653,56.875,9.917407,1603,2307,3910,sabado
692,2019-11-24,otoño,1,11,No Festivo,11.411653,40.4583,25.250357,532,1745,2277,domingo
693,2019-11-25,otoño,1,11,No Festivo,10.079153,46.8333,10.0835,309,2115,2424,lunes
694,2019-11-26,otoño,1,11,No Festivo,12.846653,53.5417,3.12555,337,4750,5087,martes
695,2019-11-27,otoño,1,11,No Festivo,11.958347,78.6667,15.916654,123,3836,3959,miercoles
696,2019-11-28,otoño,1,11,Thanksgiving,12.163347,50.625,14.125007,198,5062,5260,jueves
697,2019-11-29,otoño,1,11,No Festivo,11.51567,55.5652,7.739974,243,5080,5323,viernes
698,2019-11-30,otoño,1,11,No Festivo,12.231653,64.9583,3.9175436,362,5306,5668,sabado
699,2019-12-01,otoño,1,12,No Festivo,12.231653,80.6667,4.0001814,951,4240,5191,domingo
700,2019-12-02,otoño,1,12,No Festivo,14.2475,82.3333,8.333393,892,3757,4649,lunes
701,2019-12-03,otoño,1,12,No Festivo,18.5525,76.75,5.5422936,555,5679,6234,martes
702,2019-12-04,otoño,1,12,No Festivo,19.509153,73.375,11.666643,551,6055,6606,miercoles
703,2019-12-05,otoño,1,12,No Festivo,17.971653,48.5,21.709407,331,5398,5729,jueves
704,2019-12-06,otoño,1,12,No Festivo,10.489153,50.875,11.708518,340,5035,5375,viernes
705,2019-12-07,otoño,1,12,No Festivo,13.154153,76.4167,8.7502,349,4659,5008,sabado
706,2019-12-08,otoño,1,12,No Festivo,15.648347,91.125,6.792393,1153,4429,5582,domingo
707,2019-12-09,otoño,1,12,No Festivo,15.750847,90.5417,10.584325,441,2787,3228,lunes
708,2019-12-10,otoño,1,12,No Festivo,17.869153,92.5,12.750636,329,4841,5170,martes
709,2019-12-11,otoño,1,12,No Festivo,14.486653,59.6667,19.834479,282,5219,5501,miercoles
710,2019-12-12,otoño,1,12,No Festivo,12.1975,53.8333,10.916779,310,5009,5319,jueves
711,2019-12-13,otoño,1,12,No Festivo,12.129153,48.5833,11.666643,425,5107,5532,viernes
712,2019-12-14,otoño,1,12,No Festivo,11.548347,64.2917,8.792343,429,5182,5611,sabado
713,2019-12-15,otoño,1,12,No Festivo,13.290847,65.0417,7.12545,767,4280,5047,domingo
714,2019-12-16,otoño,1,12,No Festivo,14.8625,83.875,6.749714,538,3248,3786,lunes
715,2019-12-17,otoño,1,12,No Festivo,16.126653,90.7083,6.5833061,212,4373,4585,martes
716,2019-12-18,otoño,1,12,No Festivo,16.844153,66.625,14.834068,433,5124,5557,miercoles
717,2019-12-19,otoño,1,12,No Festivo,13.6325,62.5417,12.334164,333,4934,5267,jueves
718,2019-12-20,otoño,1,12,No Festivo,13.53,66.7917,8.875021,314,3814,4128,viernes
719,2019-12-21,invierno,1,12,No Festivo,13.393347,55.6667,25.083661,221,3402,3623,sabado
720,2019-12-22,invierno,1,12,No Festivo,10.899153,44.125,27.292182,205,1544,1749,domingo
721,2019-12-23,invierno,1,12,No Festivo,10.079153,51.5417,8.916561,408,1379,1787,lunes
722,2019-12-24,invierno,1,12,No Festivo,9.483464,79.1304,5.1744368,174,746,920,martes
723,2019-12-25,invierno,1,12,Christmas Day,11.943464,73.4783,11.304642,440,573,1013,miercoles
724,2019-12-26,invierno,1,12,No Festivo,9.976653,82.3333,21.208582,9,432,441,jueves
725,2019-12-27,invierno,1,12,No Festivo,10.420847,65.2917,23.458911,247,1867,2114,viernes
726,2019-12-28,invierno,1,12,No Festivo,10.386653,59.0,10.416557,644,2451,3095,sabado
727,2019-12-29,invierno,1,12,No Festivo,10.386653,75.2917,8.333661,159,1182,1341,domingo
728,2019-12-30,invierno,1,12,No Festivo,10.489153,48.3333,23.500518,364,1432,1796,lunes
729,2019-12-31,invierno,1,12,No Festivo,8.849153,57.75,10.374682,439,2290,2729,martes
