,estacion,a√±o,dias_festivos,temperatura,humedad,velocidad_viento,clientes_casuales,clientes_registrados,dia_semana_domingo,dia_semana_jueves,dia_semana_lunes,dia_semana_martes,dia_semana_miercoles,dia_semana_sabado,dia_semana_viernes,mes_1,mes_2,mes_3,mes_4,mes_5,mes_6,mes_7,mes_8,mes_9,mes_10,mes_11,mes_12
0,0,0,1,14.110847,80.5833,10.749882,331,654,0,0,1,0,0,0,0,1,0,0,0,0,0,0,0,0,0,0,0
1,0,0,0,14.902598,69.6087,16.652113,131,670,0,0,0,1,0,0,0,1,0,0,0,0,0,0,0,0,0,0,0
2,0,0,0,8.050924,43.7273,16.636703,120,1229,0,0,0,0,1,0,0,1,0,0,0,0,0,0,0,0,0,0,0
3,0,0,0,8.2,59.0435,10.739832,108,1454,0,1,0,0,0,0,0,1,0,0,0,0,0,0,0,0,0,0,0
4,0,0,0,9.305237,43.6957,12.5223,82,1518,0,0,0,0,0,0,1,1,0,0,0,0,0,0,0,0,0,0,0
5,0,0,0,8.378268,51.8261,6.0008684,88,1518,0,0,0,0,0,1,0,1,0,0,0,0,0,0,0,0,0,0,0
6,0,0,0,8.057402,49.8696,11.304642,148,1362,1,0,0,0,0,0,0,1,0,0,0,0,0,0,0,0,0,0,0
7,0,0,0,6.765,53.5833,17.875868,68,891,0,0,1,0,0,0,0,1,0,0,0,0,0,0,0,0,0,0,0
8,0,0,0,5.671653,43.4167,24.25065,54,768,0,0,0,1,0,0,0,1,0,0,0,0,0,0,0,0,0,0,0
9,0,0,0,6.184153,48.2917,14.958889,41,1280,0,0,0,0,1,0,0,1,0,0,0,0,0,0,0,0,0,0,0
10,0,0,0,6.932731,68.6364,8.182844,43,1220,0,1,0,0,0,0,0,1,0,0,0,0,0,0,0,0,0,0,0
11,0,0,0,7.081807,59.9545,20.410009,25,1137,0,0,0,0,0,0,1,1,0,0,0,0,0,0,0,0,0,0,0
12,0,0,0,6.765,47.0417,20.167,38,1368,0,0,0,0,0,1,0,1,0,0,0,0,0,0,0,0,0,0,0
13,0,0,0,6.59567,53.7826,8.478716,54,1367,1,0,0,0,0,0,0,1,0,0,0,0,0,0,0,0,0,0,0
14,0,0,1,9.566653,49.875,10.583521,222,1026,0,0,1,0,0,0,0,1,0,0,0,0,0,0,0,0,0,0,0
15,0,0,0,9.498347,48.375,12.625011,251,953,0,0,0,1,0,0,0,1,0,0,0,0,0,0,0,0,0,0,0
16,0,0,0,7.209153,53.75,12.999139,117,883,0,0,0,0,1,0,0,1,0,0,0,0,0,0,0,0,0,0,0
17,0,0,0,8.883347,86.1667,9.833925,9,674,0,1,0,0,0,0,0,1,0,0,0,0,0,0,0,0,0,0,0
18,0,0,0,11.979134,74.1739,13.957239,78,1572,0,0,0,0,0,0,1,1,0,0,0,0,0,0,0,0,0,0,0
19,0,0,0,10.728347,53.8333,13.125568,83,1844,0,0,0,0,0,1,0,1,0,0,0,0,0,0,0,0,0,0,0
20,0,0,0,7.2775,45.7083,23.667214,75,1468,1,0,0,0,0,0,0,1,0,0,0,0,0,0,0,0,0,0,0
21,0,0,0,2.4243464,40.0,11.52199,93,888,0,0,1,0,0,0,0,1,0,0,0,0,0,0,0,0,0,0,0
22,0,0,0,3.9573897,43.6522,16.5222,150,836,0,0,0,1,0,0,0,1,0,0,0,0,0,0,0,0,0,0,0
23,0,0,0,3.9930433,49.1739,10.60811,86,1330,0,0,0,0,1,0,0,1,0,0,0,0,0,0,0,0,0,0,0
24,0,0,0,9.162598,61.6957,8.696332,186,1799,0,1,0,0,0,0,0,1,0,0,0,0,0,0,0,0,0,0,0
25,0,0,0,8.9175,86.25,19.68795,34,472,0,0,0,0,0,0,1,1,0,0,0,0,0,0,0,0,0,0,0
26,0,0,0,7.995,68.75,7.627079,15,416,0,0,0,0,0,1,0,1,0,0,0,0,0,0,0,0,0,0,0
27,0,0,0,8.342598,79.3043,8.2611,38,1129,1,0,0,0,0,0,0,1,0,0,0,0,0,0,0,0,0,0,0
28,0,0,0,8.057402,65.1739,9.739455,123,975,0,0,1,0,0,0,0,1,0,0,0,0,0,0,0,0,0,0,0
29,0,0,0,8.877402,72.2174,4.9568342,140,956,0,0,0,1,0,0,0,1,0,0,0,0,0,0,0,0,0,0,0
30,0,0,0,7.414153,60.375,12.541864,42,1459,0,0,0,0,1,0,0,1,0,0,0,0,0,0,0,0,0,0,0
31,0,0,0,7.879134,82.9565,3.565271,47,1313,0,1,0,0,0,0,0,0,1,0,0,0,0,0,0,0,0,0,0
32,0,0,0,10.66,77.5417,17.708636,72,1454,0,0,0,0,0,0,1,0,1,0,0,0,0,0,0,0,0,0,0
33,0,0,0,7.665237,43.7826,18.609384,61,1489,0,0,0,0,0,1,0,0,1,0,0,0,0,0,0,0,0,0,0
34,0,0,0,8.663464,58.5217,8.565213,88,1620,1,0,0,0,0,0,0,0,1,0,0,0,0,0,0,0,0,0,0
35,0,0,0,9.566653,92.9167,10.792293,100,905,0,0,1,0,0,0,0,0,1,0,0,0,0,0,0,0,0,0,0
36,0,0,0,11.719153,56.8333,9.5006,354,1269,0,0,0,1,0,0,0,0,1,0,0,0,0,0,0,0,0,0,0
37,0,0,0,11.138347,73.8333,3.0423561,120,1592,0,0,0,0,1,0,0,0,1,0,0,0,0,0,0,0,0,0,0
38,0,0,0,9.054153,53.7917,24.25065,64,1466,0,1,0,0,0,0,0,0,1,0,0,0,0,0,0,0,0,0,0
39,0,0,0,5.526103,49.4783,12.652213,53,1552,0,0,0,0,0,0,1,0,1,0,0,0,0,0,0,0,0,0,0
40,0,0,0,5.918268,43.7391,14.869645,47,1491,0,0,0,0,0,1,0,0,1,0,0,0,0,0,0,0,0,0,0
41,0,0,0,7.752731,50.6364,7.27285,149,1597,1,0,0,0,0,0,0,0,1,0,0,0,0,0,0,0,0,0,0
42,0,0,0,9.1225,54.4167,13.625589,288,1184,0,0,1,0,0,0,0,0,1,0,0,0,0,0,0,0,0,0,0
43,0,0,0,12.977402,45.7391,17.479161,397,1192,0,0,0,1,0,0,0,0,1,0,0,0,0,0,0,0,0,0,0
44,0,0,0,17.015,37.5833,27.999836,208,1705,0,0,0,0,1,0,0,0,1,0,0,0,0,0,0,0,0,0,0
45,0,0,0,10.909567,31.4348,19.522058,140,1675,0,1,0,0,0,0,0,0,1,0,0,0,0,0,0,0,0,0,0
46,0,0,0,13.048701,42.3478,16.869997,218,1897,0,0,0,0,0,0,1,0,1,0,0,0,0,0,0,0,0,0,0
47,0,0,0,17.869153,50.5,15.416968,259,2216,0,0,0,0,0,1,0,0,1,0,0,0,0,0,0,0,0,0,0
48,0,0,0,21.388347,51.6667,17.749975,579,2348,1,0,0,0,0,0,0,0,1,0,0,0,0,0,0,0,0,0,0
49,0,0,1,16.365847,18.7917,34.000021,532,1103,0,0,1,0,0,0,0,0,1,0,0,0,0,0,0,0,0,0,0
50,0,0,0,11.693897,40.7826,14.956745,639,1173,0,0,0,1,0,0,0,0,1,0,0,0,0,0,0,0,0,0,0
51,0,0,0,12.436653,60.5,20.625682,195,912,0,0,0,0,1,0,0,0,1,0,0,0,0,0,0,0,0,0,0
52,0,0,0,7.471102,57.7778,13.110761,74,1376,0,1,0,0,0,0,0,0,1,0,0,0,0,0,0,0,0,0,0
53,0,0,0,9.091299,42.3043,6.305571,139,1778,0,0,0,0,0,0,1,0,1,0,0,0,0,0,0,0,0,0,0
54,0,0,0,12.121732,69.7391,16.783232,100,1707,0,0,0,0,0,1,0,0,1,0,0,0,0,0,0,0,0,0,0
55,0,0,0,14.938268,71.2174,23.218113,120,1341,1,0,0,0,0,0,0,0,1,0,0,0,0,0,0,0,0,0,0
56,0,0,0,11.5825,53.7917,12.500257,424,1545,0,0,1,0,0,0,0,0,1,0,0,0,0,0,0,0,0,0,0
57,0,0,0,14.082598,68.0,8.391616,694,1708,0,0,0,1,0,0,0,0,1,0,0,0,0,0,0,0,0,0,0
58,0,0,0,16.698193,87.6364,19.408962,81,1365,0,0,0,0,1,0,0,0,1,0,0,0,0,0,0,0,0,0,0
59,0,0,0,10.933347,53.5,14.500475,137,1714,0,1,0,0,0,0,0,0,0,1,0,0,0,0,0,0,0,0,0
60,0,0,0,13.735,44.9583,20.624811,231,1903,0,0,0,0,0,0,1,0,0,1,0,0,0,0,0,0,0,0,0
61,0,0,0,8.131653,31.8333,15.125518,123,1562,0,0,0,0,0,1,0,0,0,1,0,0,0,0,0,0,0,0,0
62,0,0,0,10.728347,61.0417,13.624182,214,1730,1,0,0,0,0,0,0,0,0,1,0,0,0,0,0,0,0,0,0
63,0,0,0,15.750847,78.9167,16.875357,640,1437,0,0,1,0,0,0,0,0,0,1,0,0,0,0,0,0,0,0,0
64,0,0,0,15.437402,94.8261,23.000229,114,491,0,0,0,1,0,0,0,0,0,1,0,0,0,0,0,0,0,0,0
65,0,0,0,10.731299,55.1304,22.870584,244,1628,0,0,0,0,1,0,0,0,0,1,0,0,0,0,0,0,0,0,0
66,0,0,0,11.9925,42.0833,8.08355,316,1817,0,1,0,0,0,0,0,0,0,1,0,0,0,0,0,0,0,0,0
67,0,0,0,12.129153,77.5417,14.75005,191,1700,0,0,0,0,0,0,1,0,0,1,0,0,0,0,0,0,0,0,0
68,0,0,0,15.952731,0.0,17.545759,46,577,0,0,0,0,0,1,0,0,0,1,0,0,0,0,0,0,0,0,0
69,0,0,0,12.977402,64.9565,15.60899,247,1730,1,0,0,0,0,0,0,0,0,1,0,0,0,0,0,0,0,0,0
70,0,0,0,13.495847,59.4583,14.791925,724,1408,0,0,1,0,0,0,0,0,0,1,0,0,0,0,0,0,0,0,0
71,0,0,0,15.758268,52.7391,18.130468,982,1435,0,0,0,1,0,0,0,0,0,1,0,0,0,0,0,0,0,0,0
72,0,0,0,13.333897,49.6957,9.174042,359,1687,0,0,0,0,1,0,0,0,0,1,0,0,0,0,0,0,0,0,0
73,0,0,0,13.013031,65.5652,12.348703,289,1767,0,1,0,0,0,0,0,0,0,1,0,0,0,0,0,0,0,0,0
74,0,0,0,14.973897,77.6522,13.608839,321,1871,0,0,0,0,0,0,1,0,0,1,0,0,0,0,0,0,0,0,0
75,0,0,0,17.015,60.2917,14.041793,424,2320,0,0,0,0,0,1,0,0,0,1,0,0,0,0,0,0,0,0,0
76,0,0,0,22.14,52.5217,15.478139,884,2355,1,0,0,0,0,0,0,0,0,1,0,0,0,0,0,0,0,0,0
77,0,0,0,19.3725,37.9167,24.667189,1424,1693,0,0,1,0,0,0,0,0,0,1,0,0,0,0,0,0,0,0,0
78,0,0,0,13.6325,47.375,13.917307,1047,1424,0,0,0,1,0,0,0,0,0,1,0,0,0,0,0,0,0,0,0
79,4,0,0,17.647835,73.7391,19.348461,401,1676,0,0,0,0,1,0,0,0,0,1,0,0,0,0,0,0,0,0,0
80,4,0,0,18.108347,62.4583,15.12525,460,2243,0,1,0,0,0,0,0,0,0,1,0,0,0,0,0,0,0,0,0
81,4,0,0,14.225237,83.9565,15.695487,203,1918,0,0,0,0,0,0,1,0,0,1,0,0,0,0,0,0,0,0,0
82,4,0,0,11.685,80.5833,16.333729,166,1699,0,0,0,0,0,1,0,0,0,1,0,0,0,0,0,0,0,0,0
83,4,0,0,10.830847,49.5,15.458575,300,1910,1,0,0,0,0,0,0,0,0,1,0,0,0,0,0,0,0,0,0
84,4,0,0,10.899153,39.4167,14.041257,981,1515,0,0,1,0,0,0,0,0,0,1,0,0,0,0,0,0,0,0,0
85,4,0,0,10.374763,49.3913,12.3481,472,1221,0,0,0,1,0,0,0,0,0,1,0,0,0,0,0,0,0,0,0
86,4,0,0,10.838268,30.2174,14.217668,222,1806,0,0,0,0,1,0,0,0,0,1,0,0,0,0,0,0,0,0,0
87,4,0,0,12.4025,31.4167,15.208732,317,2108,0,1,0,0,0,0,0,0,0,1,0,0,0,0,0,0,0,0,0
88,4,0,0,12.3,64.6667,11.583496,168,1368,0,0,0,0,0,0,1,0,0,1,0,0,0,0,0,0,0,0,0
89,4,0,0,11.001653,91.8333,14.582282,179,1506,0,0,0,0,0,1,0,0,0,1,0,0,0,0,0,0,0,0,0
90,4,0,0,12.3,68.625,17.333436,307,1920,1,0,0,0,0,0,0,0,0,0,1,0,0,0,0,0,0,0,0
91,4,0,0,12.915,65.375,13.208782,898,1354,0,0,1,0,0,0,0,0,0,0,1,0,0,0,0,0,0,0,0
92,4,0,0,15.511653,48.0,12.208271,1651,1598,0,0,0,1,0,0,0,0,0,0,1,0,0,0,0,0,0,0,0
93,4,0,0,23.506653,42.625,25.833257,734,2381,0,0,0,0,1,0,0,0,0,0,1,0,0,0,0,0,0,0,0
94,4,0,0,16.980847,64.2083,26.000489,167,1628,0,1,0,0,0,0,0,0,0,0,1,0,0,0,0,0,0,0,0
95,4,0,0,16.024153,47.0833,17.625221,413,2395,0,0,0,0,0,0,1,0,0,0,1,0,0,0,0,0,0,0,0
96,4,0,0,17.9375,60.2917,10.874904,571,2570,0,0,0,0,0,1,0,0,0,0,1,0,0,0,0,0,0,0,0
97,4,0,0,13.769153,83.625,15.208464,172,1299,1,0,0,0,0,0,0,0,0,0,1,0,0,0,0,0,0,0,0
98,4,0,0,14.0425,87.75,8.916561,879,1576,0,0,1,0,0,0,0,0,0,0,1,0,0,0,0,0,0,0,0
99,4,0,0,17.493347,85.75,9.833389,1188,1707,0,0,0,1,0,0,0,0,0,0,1,0,0,0,0,0,0,0,0
100,4,0,0,24.421732,71.6956,21.739758,855,2493,0,0,0,0,1,0,0,0,0,0,1,0,0,0,0,0,0,0,0
101,4,0,0,20.6025,73.9167,18.416893,257,1777,0,1,0,0,0,0,0,0,0,0,1,0,0,0,0,0,0,0,0
102,4,0,0,16.9125,81.9167,16.791339,209,1953,0,0,0,0,0,0,1,0,0,0,1,0,0,0,0,0,0,0,0
103,4,0,0,19.1675,54.0417,7.4169,529,2738,0,0,0,0,0,1,0,0,0,0,1,0,0,0,0,0,0,0,0
104,4,0,0,18.313347,67.125,15.167125,642,2484,1,0,0,0,0,0,0,0,0,0,1,0,0,0,0,0,0,0,0
105,4,0,0,17.664153,88.8333,22.834136,121,674,0,0,1,0,0,0,0,0,0,0,1,0,0,0,0,0,0,0,0
106,4,0,0,18.723347,47.9583,20.334232,1558,2186,0,0,0,1,0,0,0,0,0,0,1,0,0,0,0,0,0,0,0
107,4,0,0,21.0125,54.25,10.958989,669,2760,0,0,0,0,1,0,0,0,0,0,1,0,0,0,0,0,0,0,0
108,4,0,0,20.739153,66.5833,10.584057,409,2795,0,1,0,0,0,0,0,0,0,0,1,0,0,0,0,0,0,0,0
109,4,0,0,24.395,61.4167,16.208975,613,3331,0,0,0,0,0,0,1,0,0,0,1,0,0,0,0,0,0,0,0
110,4,0,0,18.825847,40.7083,21.792286,745,3444,0,0,0,0,0,1,0,0,0,0,1,0,0,0,0,0,0,0,0
111,4,0,0,13.803347,72.9583,14.707907,177,1506,1,0,0,0,0,0,0,0,0,0,1,0,0,0,0,0,0,0,0
112,4,0,0,18.86,88.7917,15.458575,1462,2574,0,0,1,0,0,0,0,0,0,0,1,0,0,0,0,0,0,0,0
113,4,0,0,23.848347,81.0833,12.875725,1710,2481,0,0,0,1,0,0,0,0,0,0,1,0,0,0,0,0,0,0,0
114,4,0,0,24.873347,77.6667,12.417311,773,3300,0,0,0,0,1,0,0,0,0,0,1,0,0,0,0,0,0,0,0
115,4,0,0,25.898347,72.9167,21.8755,678,3722,0,1,0,0,0,0,0,0,0,0,1,0,0,0,0,0,0,0,0
116,4,0,0,25.42,83.5417,20.9174,547,3325,0,0,0,0,0,0,1,0,0,0,1,0,0,0,0,0,0,0,0
117,4,0,0,25.3175,70.0833,21.500836,569,3489,0,0,0,0,0,1,0,0,0,0,1,0,0,0,0,0,0,0,0
118,4,0,0,20.91,45.7083,16.084221,878,3717,1,0,0,0,0,0,0,0,0,0,1,0,0,0,0,0,0,0,0
119,4,0,0,19.3725,50.3333,15.750025,1965,3347,0,0,1,0,0,0,0,0,0,0,1,0,0,0,0,0,0,0,0
120,4,0,0,18.518347,76.2083,7.125718,1138,2213,0,0,0,1,0,0,0,0,0,0,0,1,0,0,0,0,0,0,0
121,4,0,0,22.515847,73.0,12.291418,847,3554,0,0,0,0,1,0,0,0,0,0,0,1,0,0,0,0,0,0,0
122,4,0,0,25.283347,69.7083,22.958689,603,3848,0,1,0,0,0,0,0,0,0,0,0,1,0,0,0,0,0,0,0
123,4,0,0,16.980847,73.7083,22.042732,255,2378,0,0,0,0,0,0,1,0,0,0,0,1,0,0,0,0,0,0,0
124,4,0,0,18.825847,44.4167,19.791264,614,3819,0,0,0,0,0,1,0,0,0,0,0,1,0,0,0,0,0,0,0
125,4,0,0,19.645847,59.0,15.292482,894,3714,1,0,0,0,0,0,0,0,0,0,0,1,0,0,0,0,0,0,0
126,4,0,0,21.32,54.125,10.75015,1612,3102,0,0,1,0,0,0,0,0,0,0,0,1,0,0,0,0,0,0,0
127,4,0,0,21.661653,63.1667,5.0007125,1401,2932,0,0,0,1,0,0,0,0,0,0,0,1,0,0,0,0,0,0,0
128,4,0,0,21.8325,58.875,11.792,664,3698,0,0,0,0,1,0,0,0,0,0,0,1,0,0,0,0,0,0,0
129,4,0,0,21.8325,48.9167,7.749957,694,4109,0,1,0,0,0,0,0,0,0,0,0,1,0,0,0,0,0,0,0
130,4,0,0,22.2425,63.2917,8.083014,550,3632,0,0,0,0,0,0,1,0,0,0,0,1,0,0,0,0,0,0,0
131,4,0,0,21.935,74.75,12.707689,695,4169,0,0,0,0,0,1,0,0,0,0,0,1,0,0,0,0,0,0,0
132,4,0,0,21.0125,86.3333,12.041575,692,3413,1,0,0,0,0,0,0,0,0,0,0,1,0,0,0,0,0,0,0
133,4,0,0,21.354153,92.25,9.04165,902,2507,0,0,1,0,0,0,0,0,0,0,0,1,0,0,0,0,0,0,0
134,4,0,0,23.0625,86.7083,10.249593,1582,2971,0,0,0,1,0,0,0,0,0,0,0,1,0,0,0,0,0,0,0
135,4,0,0,23.6775,78.7917,8.500357,773,3185,0,0,0,0,1,0,0,0,0,0,0,1,0,0,0,0,0,0,0
136,4,0,0,23.028347,83.7917,18.582718,678,3445,0,1,0,0,0,0,0,0,0,0,0,1,0,0,0,0,0,0,0
137,4,0,0,22.55,87.0,13.499964,536,3319,0,0,0,0,0,0,1,0,0,0,0,1,0,0,0,0,0,0,0
138,4,0,0,21.764153,82.9583,7.250271,735,3840,0,0,0,0,0,1,0,0,0,0,0,1,0,0,0,0,0,0,0
139,4,0,0,22.003347,71.9583,8.375871,909,4008,1,0,0,0,0,0,0,0,0,0,0,1,0,0,0,0,0,0,0
140,4,0,0,24.7025,62.6667,8.08355,2258,3547,0,0,1,0,0,0,0,0,0,0,0,1,0,0,0,0,0,0,0
141,4,0,0,24.770847,74.9583,9.916536,1576,3084,0,0,0,1,0,0,0,0,0,0,0,1,0,0,0,0,0,0,0
142,4,0,0,25.898347,81.0,15.667414,836,3438,0,0,0,0,1,0,0,0,0,0,0,1,0,0,0,0,0,0,0
143,4,0,0,27.06,74.0833,13.875164,659,3833,0,1,0,0,0,0,0,0,0,0,0,1,0,0,0,0,0,0,0
144,4,0,0,27.094153,69.625,10.333611,740,4238,0,0,0,0,0,0,1,0,0,0,0,1,0,0,0,0,0,0,0
145,4,0,0,29.041653,67.75,13.376014,758,3919,0,0,0,0,0,1,0,0,0,0,0,1,0,0,0,0,0,0,0
146,4,0,0,27.948347,65.375,16.125493,871,3808,1,0,0,0,0,0,0,0,0,0,0,1,0,0,0,0,0,0,0
147,4,0,1,26.889153,72.9583,15.416164,2001,2757,0,0,1,0,0,0,0,0,0,0,0,1,0,0,0,0,0,0,0
148,4,0,0,27.3675,81.875,14.333846,2355,2433,0,0,0,1,0,0,0,0,0,0,0,1,0,0,0,0,0,0,0
149,4,0,0,30.066653,68.5,8.792075,1549,2549,0,0,0,0,1,0,0,0,0,0,0,1,0,0,0,0,0,0,0
150,4,0,0,31.775,63.6667,7.459043,673,3309,0,1,0,0,0,0,0,0,0,0,0,1,0,0,0,0,0,0,0
151,4,0,0,31.330847,67.7083,13.875164,513,3461,0,0,0,0,0,0,1,0,0,0,0,0,1,0,0,0,0,0,0
152,4,0,0,29.315,30.5,19.583229,736,4232,0,0,0,0,0,1,0,0,0,0,0,0,1,0,0,0,0,0,0
153,4,0,0,25.42,35.4167,16.959107,898,4414,1,0,0,0,0,0,0,0,0,0,0,0,1,0,0,0,0,0,0
154,4,0,0,26.035,45.625,8.250514,1869,3473,0,0,1,0,0,0,0,0,0,0,0,0,1,0,0,0,0,0,0
155,4,0,0,26.581653,65.25,9.292364,1685,3221,0,0,0,1,0,0,0,0,0,0,0,0,1,0,0,0,0,0,0
156,4,0,0,27.811653,60.0,8.167032,673,3875,0,0,0,0,1,0,0,0,0,0,0,0,1,0,0,0,0,0,0
157,4,0,0,29.0075,59.7917,12.583136,763,4070,0,1,0,0,0,0,0,0,0,0,0,0,1,0,0,0,0,0,0
158,4,0,0,31.809153,62.2083,9.166739,676,3725,0,0,0,0,0,0,1,0,0,0,0,0,1,0,0,0,0,0,0
159,4,0,0,33.141653,56.8333,10.042161,563,3352,0,0,0,0,0,1,0,0,0,0,0,0,1,0,0,0,0,0,0
160,4,0,0,30.955,60.5,9.417118,815,3771,1,0,0,0,0,0,0,0,0,0,0,0,1,0,0,0,0,0,0
161,4,0,0,29.725,65.4583,10.37495,1729,3237,0,0,1,0,0,0,0,0,0,0,0,0,1,0,0,0,0,0,0
162,4,0,0,28.3925,74.7917,10.958989,1467,2993,0,0,0,1,0,0,0,0,0,0,0,0,1,0,0,0,0,0,0
163,4,0,0,26.035,49.4583,20.45845,863,4157,0,0,0,0,1,0,0,0,0,0,0,0,1,0,0,0,0,0,0
164,4,0,0,24.770847,50.7083,18.041961,727,4164,0,1,0,0,0,0,0,0,0,0,0,0,1,0,0,0,0,0,0
165,4,0,0,25.693347,47.1667,11.250104,769,4411,0,0,0,0,0,0,1,0,0,0,0,0,1,0,0,0,0,0,0
166,4,0,0,25.761653,68.8333,13.833557,545,3222,0,0,0,0,0,1,0,0,0,0,0,0,1,0,0,0,0,0,0
167,4,0,0,26.615847,73.5833,9.582943,863,3981,1,0,0,0,0,0,0,0,0,0,0,0,1,0,0,0,0,0,0
168,4,0,0,28.563347,67.0417,8.000336,1807,3312,0,0,1,0,0,0,0,0,0,0,0,0,1,0,0,0,0,0,0
169,4,0,0,28.665847,66.6667,6.834,1639,3105,0,0,0,1,0,0,0,0,0,0,0,0,1,0,0,0,0,0,0
170,4,0,0,26.035,74.625,10.416825,699,3311,0,0,0,0,1,0,0,0,0,0,0,0,1,0,0,0,0,0,0
171,6,0,0,27.914153,77.0417,11.458675,774,4061,0,1,0,0,0,0,0,0,0,0,0,0,1,0,0,0,0,0,0
172,6,0,0,30.066653,70.75,11.541554,661,3846,0,0,0,0,0,0,1,0,0,0,0,0,1,0,0,0,0,0,0
173,6,0,0,29.861653,70.3333,15.999868,746,4044,0,0,0,0,0,1,0,0,0,0,0,0,1,0,0,0,0,0,0
174,6,0,0,29.690847,57.3333,14.875675,969,4022,1,0,0,0,0,0,0,0,0,0,0,0,1,0,0,0,0,0,0
175,6,0,0,28.495,48.3333,14.041257,1782,3420,0,0,1,0,0,0,0,0,0,0,0,0,1,0,0,0,0,0,0
176,6,0,0,27.88,51.3333,6.3337311,1920,3385,0,0,0,1,0,0,0,0,0,0,0,0,1,0,0,0,0,0,0
177,6,0,0,27.9825,65.8333,7.208396,854,3854,0,0,0,0,1,0,0,0,0,0,0,0,1,0,0,0,0,0,0
178,6,0,0,30.510847,63.4167,9.666961,732,3916,0,1,0,0,0,0,0,0,0,0,0,0,1,0,0,0,0,0,0
179,6,0,0,29.861653,49.7917,17.542007,848,4377,0,0,0,0,0,0,1,0,0,0,0,0,1,0,0,0,0,0,0
180,6,0,0,28.563347,43.4167,12.415904,1027,4488,0,0,0,0,0,1,0,0,0,0,0,0,1,0,0,0,0,0,0
181,6,0,0,29.6225,39.625,6.874736,1246,4116,1,0,0,0,0,0,0,0,0,0,0,0,0,1,0,0,0,0,0
182,6,0,0,30.271653,44.4583,7.709154,2204,2915,0,0,1,0,0,0,0,0,0,0,0,0,0,1,0,0,0,0,0
183,6,0,0,29.383347,68.25,15.333486,2282,2367,0,0,0,1,0,0,0,0,0,0,0,0,0,1,0,0,0,0,0
184,6,0,1,29.793347,63.7917,5.4591064,3065,2978,0,0,0,0,1,0,0,0,0,0,0,0,0,1,0,0,0,0,0
185,6,0,0,30.613347,59.0417,8.459286,1031,3634,0,1,0,0,0,0,0,0,0,0,0,0,0,1,0,0,0,0,0
186,6,0,0,29.52,74.3333,10.042161,784,3845,0,0,0,0,0,0,1,0,0,0,0,0,0,1,0,0,0,0,0
187,6,0,0,30.75,65.125,10.6664,754,3838,0,0,0,0,0,1,0,0,0,0,0,0,0,1,0,0,0,0,0
188,6,0,0,29.075847,75.7917,15.083643,692,3348,1,0,0,0,0,0,0,0,0,0,0,0,0,1,0,0,0,0,0
189,6,0,0,30.066653,60.9167,11.250104,1988,3348,0,0,1,0,0,0,0,0,0,0,0,0,0,1,0,0,0,0,0
190,6,0,0,30.6475,57.8333,12.292557,1743,3138,0,0,0,1,0,0,0,0,0,0,0,0,0,1,0,0,0,0,0
191,6,0,0,31.2625,63.5833,18.916579,723,3363,0,0,0,0,1,0,0,0,0,0,0,0,0,1,0,0,0,0,0
192,6,0,0,32.560847,55.9167,13.417018,662,3596,0,1,0,0,0,0,0,0,0,0,0,0,0,1,0,0,0,0,0
193,6,0,0,30.613347,63.1667,9.790911,748,3594,0,0,0,0,0,0,1,0,0,0,0,0,0,1,0,0,0,0,0
194,6,0,0,27.914153,47.625,16.124689,888,4196,0,0,0,0,0,1,0,0,0,0,0,0,0,1,0,0,0,0,0
195,6,0,0,27.196653,59.125,12.249811,1318,4220,1,0,0,0,0,0,0,0,0,0,0,0,0,1,0,0,0,0,0
196,6,0,0,28.153347,58.5,13.958914,2418,3505,0,0,1,0,0,0,0,0,0,0,0,0,0,1,0,0,0,0,0
197,6,0,0,29.485847,60.4167,16.417211,2006,3296,0,0,0,1,0,0,0,0,0,0,0,0,0,1,0,0,0,0,0
198,6,0,0,30.613347,65.125,14.458868,841,3617,0,0,0,0,1,0,0,0,0,0,0,0,0,1,0,0,0,0,0
199,6,0,0,31.843347,65.0417,8.7502,752,3789,0,1,0,0,0,0,0,0,0,0,0,0,0,1,0,0,0,0,0
200,6,0,0,31.501653,70.7083,7.625739,644,3688,0,0,0,0,0,0,1,0,0,0,0,0,0,1,0,0,0,0,0
201,6,0,0,33.415,69.125,14.875407,632,3152,0,0,0,0,0,1,0,0,0,0,0,0,0,1,0,0,0,0,0
202,6,0,0,34.781653,58.0417,8.9177,562,2825,1,0,0,0,0,0,0,0,0,0,0,0,0,1,0,0,0,0,0
203,6,0,0,34.815847,50.0,8.791807,987,2298,0,0,1,0,0,0,0,0,0,0,0,0,0,1,0,0,0,0,0
204,6,0,0,34.03,55.0833,11.334457,1050,2556,0,0,0,1,0,0,0,0,0,0,0,0,0,1,0,0,0,0,0
205,6,0,0,30.476653,75.7083,6.0841561,568,3272,0,0,0,0,1,0,0,0,0,0,0,0,0,1,0,0,0,0,0
206,6,0,0,31.638347,54.0833,13.417286,750,3840,0,1,0,0,0,0,0,0,0,0,0,0,0,1,0,0,0,0,0
207,6,0,0,31.775,40.2917,12.292021,755,3901,0,0,0,0,0,0,1,0,0,0,0,0,0,1,0,0,0,0,0
208,6,0,0,31.945847,58.3333,11.958093,606,3784,0,0,0,0,0,1,0,0,0,0,0,0,0,1,0,0,0,0,0
209,6,0,0,34.371653,54.25,11.667246,670,3176,1,0,0,0,0,0,0,0,0,0,0,0,0,1,0,0,0,0,0
210,6,0,0,32.970847,46.5833,11.291979,1559,2916,0,0,1,0,0,0,0,0,0,0,0,0,0,1,0,0,0,0,0
211,6,0,0,33.039153,48.0833,11.042471,1524,2778,0,0,0,1,0,0,0,0,0,0,0,0,0,1,0,0,0,0,0
212,6,0,0,31.638347,55.0833,10.500039,729,3537,0,0,0,0,1,0,0,0,0,0,0,0,0,0,1,0,0,0,0
213,6,0,0,32.116653,49.125,13.79195,801,4044,0,1,0,0,0,0,0,0,0,0,0,0,0,0,1,0,0,0,0
214,6,0,0,29.998347,65.75,9.084061,467,3107,0,0,0,0,0,0,1,0,0,0,0,0,0,0,1,0,0,0,0
215,6,0,0,29.11,75.75,13.20905,799,3777,0,0,0,0,0,1,0,0,0,0,0,0,0,0,1,0,0,0,0
216,6,0,0,29.144153,63.0833,12.374632,1023,3843,1,0,0,0,0,0,0,0,0,0,0,0,0,0,1,0,0,0,0
217,6,0,0,29.383347,75.5,15.29275,1521,2773,0,0,1,0,0,0,0,0,0,0,0,0,0,0,1,0,0,0,0
218,6,0,0,30.4425,75.2917,13.499629,1298,2487,0,0,0,1,0,0,0,0,0,0,0,0,0,0,1,0,0,0,0
219,6,0,0,31.365,59.2083,12.875725,846,3480,0,0,0,0,1,0,0,0,0,0,0,0,0,0,1,0,0,0,0
220,6,0,0,31.775,57.0417,10.125107,907,3695,0,1,0,0,0,0,0,0,0,0,0,0,0,0,1,0,0,0,0
221,6,0,0,31.433347,42.4167,13.417286,884,3896,0,0,0,0,0,0,1,0,0,0,0,0,0,0,1,0,0,0,0
222,6,0,0,29.4175,42.375,11.041332,812,3980,0,0,0,0,0,1,0,0,0,0,0,0,0,0,1,0,0,0,0
223,6,0,0,29.041653,41.5,8.416607,1051,3854,1,0,0,0,0,0,0,0,0,0,0,0,0,0,1,0,0,0,0
224,6,0,0,28.119153,72.9583,14.167418,1504,2646,0,0,1,0,0,0,0,0,0,0,0,0,0,0,1,0,0,0,0
225,6,0,0,27.743347,81.75,14.916411,1338,2482,0,0,0,1,0,0,0,0,0,0,0,0,0,0,1,0,0,0,0
226,6,0,0,27.299153,71.2083,13.999918,775,3563,0,0,0,0,1,0,0,0,0,0,0,0,0,0,1,0,0,0,0
227,6,0,0,28.734153,57.8333,15.834043,721,4004,0,1,0,0,0,0,0,0,0,0,0,0,0,0,1,0,0,0,0
228,6,0,0,29.656653,57.5417,9.625689,668,4026,0,0,0,0,0,0,1,0,0,0,0,0,0,0,1,0,0,0,0
229,6,0,0,29.178347,65.4583,15.624936,639,3166,0,0,0,0,0,1,0,0,0,0,0,0,0,0,1,0,0,0,0
230,6,0,0,28.085,72.2917,9.333636,797,3356,1,0,0,0,0,0,0,0,0,0,0,0,0,0,1,0,0,0,0
231,6,0,0,28.5975,67.4167,6.999289,1914,3277,0,0,1,0,0,0,0,0,0,0,0,0,0,0,1,0,0,0,0
232,6,0,0,29.144153,77.0,16.666518,1249,2624,0,0,0,1,0,0,0,0,0,0,0,0,0,0,1,0,0,0,0
233,6,0,0,28.358347,47.0,18.54225,833,3925,0,0,0,0,1,0,0,0,0,0,0,0,0,0,1,0,0,0,0
234,6,0,0,26.274153,45.5417,9.833121,1281,4614,0,1,0,0,0,0,0,0,0,0,0,0,0,0,1,0,0,0,0
235,6,0,0,27.606653,60.5,16.958236,949,4181,0,0,0,0,0,0,1,0,0,0,0,0,0,0,1,0,0,0,0
236,6,0,0,28.050847,77.1667,14.125811,435,3107,0,0,0,0,0,1,0,0,0,0,0,0,0,0,1,0,0,0,0
237,6,0,0,28.7,76.125,5.6254875,768,3893,1,0,0,0,0,0,0,0,0,0,0,0,0,0,1,0,0,0,0
238,6,0,0,27.88,85.0,25.166339,226,889,0,0,1,0,0,0,0,0,0,0,0,0,0,0,1,0,0,0,0
239,6,0,0,28.989419,56.1765,20.412153,1415,2919,0,0,0,1,0,0,0,0,0,0,0,0,0,0,1,0,0,0,0
240,6,0,0,26.103347,55.4583,10.708275,729,3905,0,0,0,0,1,0,0,0,0,0,0,0,0,0,1,0,0,0,0
241,6,0,0,26.205847,54.8333,8.375536,775,4429,0,1,0,0,0,0,0,0,0,0,0,0,0,0,1,0,0,0,0
242,6,0,0,26.923347,59.7917,5.5833311,688,4370,0,0,0,0,0,0,1,0,0,0,0,0,0,0,1,0,0,0,0
243,6,0,0,26.855,63.9167,9.500332,783,4332,0,0,0,0,0,1,0,0,0,0,0,0,0,0,0,1,0,0,0
244,6,0,0,26.376653,72.7083,9.375243,875,3852,1,0,0,0,0,0,0,0,0,0,0,0,0,0,0,1,0,0,0
245,6,0,1,27.435847,71.6667,12.416775,1935,2549,0,0,1,0,0,0,0,0,0,0,0,0,0,0,0,1,0,0,0
246,6,0,0,29.075847,74.2083,13.833289,2521,2419,0,0,0,1,0,0,0,0,0,0,0,0,0,0,0,1,0,0,0
247,6,0,0,27.606653,79.0417,14.250632,1236,2115,0,0,0,0,1,0,0,0,0,0,0,0,0,0,0,1,0,0,0
248,6,0,0,22.14,88.6957,23.044181,204,2506,0,1,0,0,0,0,0,0,0,0,0,0,0,0,0,1,0,0,0
249,6,0,0,24.565847,91.7083,6.5003936,118,1878,0,0,0,0,0,0,1,0,0,0,0,0,0,0,0,1,0,0,0
250,6,0,0,25.990433,93.9565,12.914116,153,1689,0,0,0,0,0,1,0,0,0,0,0,0,0,0,0,1,0,0,0
251,6,0,0,26.65,89.7917,8.333393,417,3127,1,0,0,0,0,0,0,0,0,0,0,0,0,0,0,1,0,0,0
252,6,0,0,27.06,75.375,10.291736,1750,3595,0,0,1,0,0,0,0,0,0,0,0,0,0,0,0,1,0,0,0
253,6,0,0,26.786653,71.375,7.708618,1633,3413,0,0,0,1,0,0,0,0,0,0,0,0,0,0,0,1,0,0,0
254,6,0,0,26.418268,69.2174,5.957171,690,4023,0,0,0,0,1,0,0,0,0,0,0,0,0,0,0,1,0,0,0
255,6,0,0,26.684153,71.25,9.500868,701,4062,0,1,0,0,0,0,0,0,0,0,0,0,0,0,0,1,0,0,0
256,6,0,0,27.606653,69.7083,11.2091,647,4138,0,0,0,0,0,0,1,0,0,0,0,0,0,0,0,1,0,0,0
257,6,0,0,23.6775,70.9167,18.166782,428,3231,0,0,0,0,0,1,0,0,0,0,0,0,0,0,0,1,0,0,0
258,6,0,0,19.235847,59.0417,11.000261,742,4018,1,0,0,0,0,0,0,0,0,0,0,0,0,0,0,1,0,0,0
259,6,0,0,20.158347,71.8333,12.708225,1434,3077,0,0,1,0,0,0,0,0,0,0,0,0,0,0,0,1,0,0,0
260,6,0,0,20.8075,69.5,11.958361,1353,2921,0,0,0,1,0,0,0,0,0,0,0,0,0,0,0,1,0,0,0
261,6,0,0,22.515847,69.0,10.166714,691,3848,0,0,0,0,1,0,0,0,0,0,0,0,0,0,0,1,0,0,0
262,6,0,0,23.028347,88.125,9.041918,438,3203,0,1,0,0,0,0,0,0,0,0,0,0,0,0,0,1,0,0,0
263,6,0,0,24.395,90.0,6.4590814,539,3813,0,0,0,0,0,0,1,0,0,0,0,0,0,0,0,1,0,0,0
264,6,0,0,25.761653,90.2083,8.584375,555,4240,0,0,0,0,0,1,0,0,0,0,0,0,0,0,0,1,0,0,0
265,1,0,0,24.975847,97.25,5.2505689,258,2137,1,0,0,0,0,0,0,0,0,0,0,0,0,0,0,1,0,0,0
266,1,0,0,24.873347,86.25,5.2516811,1776,3647,0,0,1,0,0,0,0,0,0,0,0,0,0,0,0,1,0,0,0
267,1,0,0,26.000847,84.5,3.3754064,1544,3466,0,0,0,1,0,0,0,0,0,0,0,0,0,0,0,1,0,0,0
268,1,0,0,26.615847,84.8333,7.4169,684,3946,0,0,0,0,1,0,0,0,0,0,0,0,0,0,0,1,0,0,0
269,1,0,0,26.103347,88.5417,7.917457,477,3643,0,1,0,0,0,0,0,0,0,0,0,0,0,0,0,1,0,0,0
270,1,0,0,26.035,84.875,9.958143,480,3427,0,0,0,0,0,0,1,0,0,0,0,0,0,0,0,1,0,0,0
271,1,0,0,25.283347,69.9167,11.583161,653,4186,0,0,0,0,0,1,0,0,0,0,0,0,0,0,0,1,0,0,0
272,1,0,0,23.130847,64.75,13.833825,830,4372,1,0,0,0,0,0,0,0,0,0,0,0,0,0,0,1,0,0,0
273,1,0,0,16.81,75.375,19.583832,480,1949,0,0,1,0,0,0,0,0,0,0,0,0,0,0,0,0,1,0,0
274,1,0,0,14.623347,79.1667,14.874871,616,2302,0,0,0,1,0,0,0,0,0,0,0,0,0,0,0,0,1,0,0
275,1,0,0,15.750847,76.0833,5.5841686,330,3240,0,0,0,0,1,0,0,0,0,0,0,0,0,0,0,0,1,0,0
276,1,0,0,19.850847,71.0,13.792218,486,3970,0,1,0,0,0,0,0,0,0,0,0,0,0,0,0,0,1,0,0
277,1,0,0,22.071653,64.7917,11.87575,559,4267,0,0,0,0,0,0,1,0,0,0,0,0,0,0,0,0,1,0,0
278,1,0,0,20.260847,62.0833,9.041918,639,4126,0,0,0,0,0,1,0,0,0,0,0,0,0,0,0,0,1,0,0
279,1,0,0,20.944153,68.4167,1.5002439,949,4036,1,0,0,0,0,0,0,0,0,0,0,0,0,0,0,0,1,0,0
280,1,0,1,21.388347,70.125,3.0420814,2235,3174,0,0,1,0,0,0,0,0,0,0,0,0,0,0,0,0,1,0,0
281,1,0,0,22.174153,72.75,4.25115,2397,3114,0,0,0,1,0,0,0,0,0,0,0,0,0,0,0,0,1,0,0
282,1,0,0,23.404153,73.375,2.8343814,1514,3603,0,0,0,0,1,0,0,0,0,0,0,0,0,0,0,0,1,0,0
283,1,0,0,23.233347,80.875,9.583814,667,3896,0,1,0,0,0,0,0,0,0,0,0,0,0,0,0,0,1,0,0
284,1,0,0,22.276653,90.625,16.62605,217,2199,0,0,0,0,0,0,1,0,0,0,0,0,0,0,0,0,1,0,0
285,1,0,0,24.155847,89.6667,9.499729,290,2623,0,0,0,0,0,1,0,0,0,0,0,0,0,0,0,0,1,0,0
286,1,0,0,22.584153,71.625,15.000161,529,3115,1,0,0,0,0,0,0,0,0,0,0,0,0,0,0,0,1,0,0
287,1,0,0,20.773347,48.3333,17.291561,1899,3318,0,0,1,0,0,0,0,0,0,0,0,0,0,0,0,0,1,0,0
288,1,0,0,20.978347,48.6667,18.875039,1748,3293,0,0,0,1,0,0,0,0,0,0,0,0,0,0,0,0,1,0,0
289,1,0,0,21.900847,57.9583,11.750393,713,3857,0,0,0,0,1,0,0,0,0,0,0,0,0,0,0,0,1,0,0
290,1,0,0,21.8325,70.1667,7.375829,637,4111,0,1,0,0,0,0,0,0,0,0,0,0,0,0,0,0,1,0,0
291,1,0,0,22.211299,89.5217,16.303713,254,2170,0,0,0,0,0,0,1,0,0,0,0,0,0,0,0,0,1,0,0
292,1,0,0,19.509153,63.625,28.292425,471,3724,0,0,0,0,0,1,0,0,0,0,0,0,0,0,0,0,1,0,0
293,1,0,0,17.5275,57.4167,14.833532,676,3628,1,0,0,0,0,0,0,0,0,0,0,0,0,0,0,0,1,0,0
294,1,0,0,17.3225,62.9167,6.2086689,1499,2809,0,0,1,0,0,0,0,0,0,0,0,0,0,0,0,0,1,0,0
295,1,0,0,17.288347,74.125,6.6673375,1619,2762,0,0,0,1,0,0,0,0,0,0,0,0,0,0,0,0,1,0,0
296,1,0,0,18.996653,77.2083,7.959064,699,3488,0,0,0,0,1,0,0,0,0,0,0,0,0,0,0,0,1,0,0
297,1,0,0,19.338347,62.2917,11.166086,695,3992,0,1,0,0,0,0,0,0,0,0,0,0,0,0,0,0,1,0,0
298,1,0,0,19.850847,72.0417,9.959014,404,3490,0,0,0,0,0,0,1,0,0,0,0,0,0,0,0,0,1,0,0
299,1,0,0,19.27,81.2917,13.250121,240,2419,0,0,0,0,0,1,0,0,0,0,0,0,0,0,0,0,1,0,0
300,1,0,0,13.564153,58.5833,15.375093,456,3291,1,0,0,0,0,0,0,0,0,0,0,0,0,0,0,0,1,0,0
301,1,0,0,10.420847,88.25,23.541857,57,570,0,0,1,0,0,0,0,0,0,0,0,0,0,0,0,0,1,0,0
302,1,0,0,13.085847,62.375,11.833339,885,2446,0,0,0,1,0,0,0,0,0,0,0,0,0,0,0,0,1,0,0
303,1,0,0,13.94,70.3333,7.12545,362,3307,0,0,0,0,1,0,0,0,0,0,0,0,0,0,0,0,1,0,0
304,1,0,0,16.434153,68.375,9.083257,410,3658,0,1,0,0,0,0,0,0,0,0,0,0,0,0,0,0,0,1,0
305,1,0,0,15.4775,71.875,5.5001439,370,3816,0,0,0,0,0,0,1,0,0,0,0,0,0,0,0,0,0,1,0
306,1,0,0,16.741653,70.2083,9.166739,318,3656,0,0,0,0,0,1,0,0,0,0,0,0,0,0,0,0,0,1,0
307,1,0,0,16.536653,62.25,18.209193,470,3576,1,0,0,0,0,0,0,0,0,0,0,0,0,0,0,0,0,1,0
308,1,0,0,13.393347,51.9167,12.667154,1156,2770,0,0,1,0,0,0,0,0,0,0,0,0,0,0,0,0,0,1,0
309,1,0,0,14.281653,73.4583,6.1676314,952,2697,0,0,0,1,0,0,0,0,0,0,0,0,0,0,0,0,0,1,0
310,1,0,0,16.195,75.875,3.834075,373,3662,0,0,0,0,1,0,0,0,0,0,0,0,0,0,0,0,0,1,0
311,1,0,0,16.741653,72.1667,4.6255125,376,3829,0,1,0,0,0,0,0,0,0,0,0,0,0,0,0,0,0,1,0
312,1,0,0,16.4,75.8333,4.1671186,305,3804,0,0,0,0,0,0,1,0,0,0,0,0,0,0,0,0,0,1,0
313,1,0,0,15.58,81.3333,12.667489,190,2743,0,0,0,0,0,1,0,0,0,0,0,0,0,0,0,0,0,1,0
314,1,0,1,13.290847,44.625,21.083225,440,2928,1,0,0,0,0,0,0,0,0,0,0,0,0,0,0,0,0,1,0
315,1,0,1,14.623347,55.2917,14.208154,1275,2792,0,0,1,0,0,0,0,0,0,0,0,0,0,0,0,0,0,1,0
316,1,0,0,18.074153,45.8333,18.875307,1004,2713,0,0,0,1,0,0,0,0,0,0,0,0,0,0,0,0,0,1,0
317,1,0,0,21.73,58.7083,20.541932,595,3891,0,0,0,0,1,0,0,0,0,0,0,0,0,0,0,0,0,1,0
318,1,0,0,21.73,68.875,13.375411,449,3746,0,1,0,0,0,0,0,0,0,0,0,0,0,0,0,0,0,1,0
319,1,0,0,18.723347,93.0,9.167543,145,1672,0,0,0,0,0,0,1,0,0,0,0,0,0,0,0,0,0,1,0
320,1,0,0,14.008347,57.5833,20.459254,139,2914,0,0,0,0,0,1,0,0,0,0,0,0,0,0,0,0,0,1,0
321,1,0,0,11.240847,41.0,11.291711,245,3147,1,0,0,0,0,0,0,0,0,0,0,0,0,0,0,0,0,1,0
322,1,0,0,13.495847,50.2083,15.041232,943,2720,0,0,1,0,0,0,0,0,0,0,0,0,0,0,0,0,0,1,0
323,1,0,0,18.996653,68.4583,12.45865,787,2733,0,0,0,1,0,0,0,0,0,0,0,0,0,0,0,0,0,1,0
324,1,0,0,18.3475,91.0,9.249618,220,2545,0,0,0,0,1,0,0,0,0,0,0,0,0,0,0,0,0,1,0
325,1,0,1,17.083347,96.25,7.959064,69,1538,0,1,0,0,0,0,0,0,0,0,0,0,0,0,0,0,0,1,0
326,1,0,0,18.074153,75.7917,22.500275,112,2454,0,0,0,0,0,0,1,0,0,0,0,0,0,0,0,0,0,1,0
327,1,0,0,15.306653,54.9167,11.209368,560,935,0,0,0,0,0,1,0,0,0,0,0,0,0,0,0,0,0,1,0
328,1,0,0,15.375,64.375,6.6260186,1095,1697,1,0,0,0,0,0,0,0,0,0,0,0,0,0,0,0,0,1,0
329,1,0,0,15.409153,68.1667,4.5841936,1249,1819,0,0,1,0,0,0,0,0,0,0,0,0,0,0,0,0,0,1,0
330,1,0,0,18.825847,69.8333,13.999918,810,2261,0,0,0,1,0,0,0,0,0,0,0,0,0,0,0,0,0,1,0
331,1,0,0,20.642598,74.3043,9.522174,253,3614,0,0,0,0,1,0,0,0,0,0,0,0,0,0,0,0,0,1,0
332,1,0,0,18.791653,83.0833,17.292164,96,2818,0,1,0,0,0,0,0,0,0,0,0,0,0,0,0,0,0,1,0
333,1,0,0,13.325,61.3333,18.167586,188,3425,0,0,0,0,0,0,1,0,0,0,0,0,0,0,0,0,0,1,0
334,1,0,0,12.8125,52.4583,14.750586,182,3545,0,0,0,0,0,1,0,0,0,0,0,0,0,0,0,0,0,0,1
335,1,0,0,12.880847,62.5833,6.750518,268,3672,1,0,0,0,0,0,0,0,0,0,0,0,0,0,0,0,0,0,1
336,1,0,0,12.265847,61.2917,6.4174811,706,2908,0,0,1,0,0,0,0,0,0,0,0,0,0,0,0,0,0,0,1
337,1,0,0,13.564153,77.5833,5.6252061,634,2851,0,0,0,1,0,0,0,0,0,0,0,0,0,0,0,0,0,0,1
338,1,0,0,15.819153,82.7083,4.1679561,233,3578,0,0,0,0,1,0,0,0,0,0,0,0,0,0,0,0,0,0,1
339,1,0,0,18.9625,94.9583,15.583061,126,2468,0,1,0,0,0,0,0,0,0,0,0,0,0,0,0,0,0,0,1
340,1,0,0,16.81,97.0417,17.833725,50,655,0,0,0,0,0,0,1,0,0,0,0,0,0,0,0,0,0,0,1
341,1,0,0,10.899153,58.0,16.083886,150,3172,0,0,0,0,0,1,0,0,0,0,0,0,0,0,0,0,0,0,1
342,1,0,0,11.924153,69.5833,5.5420189,261,3359,1,0,0,0,0,0,0,0,0,0,0,0,0,0,0,0,0,0,1
343,1,0,0,11.275,50.75,15.625807,502,2688,0,0,1,0,0,0,0,0,0,0,0,0,0,0,0,0,0,0,1
344,1,0,0,9.054153,49.0,4.4582939,377,2366,0,0,0,1,0,0,0,0,0,0,0,0,0,0,0,0,0,0,1
345,1,0,0,9.771653,67.0833,4.25115,143,3167,0,0,0,0,1,0,0,0,0,0,0,0,0,0,0,0,0,0,1
346,1,0,0,11.5825,59.0,9.41685,155,3368,0,1,0,0,0,0,0,0,0,0,0,0,0,0,0,0,0,0,1
347,1,0,0,13.0175,66.375,4.0842061,178,3562,0,0,0,0,0,0,1,0,0,0,0,0,0,0,0,0,0,0,1
348,1,0,0,17.3225,63.4167,17.958814,181,3528,0,0,0,0,0,1,0,0,0,0,0,0,0,0,0,0,0,0,1
349,1,0,0,15.375,50.0417,17.458525,178,3399,1,0,0,0,0,0,0,0,0,0,0,0,0,0,0,0,0,0,1
350,1,0,0,10.591653,56.0833,16.292189,275,2464,0,0,1,0,0,0,0,0,0,0,0,0,0,0,0,0,0,0,1
351,1,0,0,9.771653,58.625,11.375193,220,2211,0,0,0,1,0,0,0,0,0,0,0,0,0,0,0,0,0,0,1
352,1,0,0,11.343347,63.75,11.584032,260,3143,0,0,0,0,1,0,0,0,0,0,0,0,0,0,0,0,0,0,1
353,1,0,0,15.819153,59.5417,4.1252436,216,3534,0,1,0,0,0,0,0,0,0,0,0,0,0,0,0,0,0,0,1
354,0,0,0,17.561653,85.8333,14.8338,107,2553,0,0,0,0,0,0,1,0,0,0,0,0,0,0,0,0,0,0,1
355,0,0,0,17.356653,75.75,3.167425,227,2841,0,0,0,0,0,1,0,0,0,0,0,0,0,0,0,0,0,0,1
356,0,0,0,15.306653,68.625,18.374482,163,2046,1,0,0,0,0,0,0,0,0,0,0,0,0,0,0,0,0,0,1
357,0,0,0,12.4025,54.25,12.750368,155,856,0,0,1,0,0,0,0,0,0,0,0,0,0,0,0,0,0,0,1
358,0,0,1,11.266103,68.1304,10.391097,303,451,0,0,0,1,0,0,0,0,0,0,0,0,0,0,0,0,0,0,1
359,0,0,0,13.191299,50.6957,16.044155,430,887,0,0,0,0,1,0,0,0,0,0,0,0,0,0,0,0,0,0,1
360,0,0,0,13.325,76.25,12.62615,103,1059,0,1,0,0,0,0,0,0,0,0,0,0,0,0,0,0,0,0,1
361,0,0,0,12.26433,50.3913,19.695387,255,2047,0,0,0,0,0,0,1,0,0,0,0,0,0,0,0,0,0,0,1
362,0,0,0,10.181653,57.4167,8.000604,254,2169,0,0,0,0,0,1,0,0,0,0,0,0,0,0,0,0,0,0,1
363,0,0,0,12.778347,63.6667,9.000579,491,2508,1,0,0,0,0,0,0,0,0,0,0,0,0,0,0,0,0,0,1
364,0,0,0,16.81,61.5833,14.750318,665,1820,0,0,1,0,0,0,0,0,0,0,0,0,0,0,0,0,0,0,1
365,0,1,1,15.17,69.25,12.875189,686,1608,0,0,0,1,0,0,0,1,0,0,0,0,0,0,0,0,0,0,0
366,0,1,0,11.194763,38.1304,22.087555,244,1707,0,0,0,0,1,0,0,1,0,0,0,0,0,0,0,0,0,0,0
367,0,1,0,6.15,44.125,24.499957,89,2147,0,1,0,0,0,0,0,1,0,0,0,0,0,0,0,0,0,0,0
368,0,1,0,4.4075,41.4583,12.3749,95,2273,0,0,0,0,0,0,1,1,0,0,0,0,0,0,0,0,0,0,0
369,0,1,0,10.899153,52.4167,8.709129,140,3132,0,0,0,0,0,1,0,1,0,0,0,0,0,0,0,0,0,0,0
370,0,1,0,13.700847,54.2083,11.249836,307,3791,1,0,0,0,0,0,0,1,0,0,0,0,0,0,0,0,0,0,0
371,0,1,0,16.126653,53.1667,11.708786,1070,3451,0,0,1,0,0,0,0,1,0,0,0,0,0,0,0,0,0,0,0
372,0,1,0,13.8375,46.5,12.833314,599,2826,0,0,0,1,0,0,0,1,0,0,0,0,0,0,0,0,0,0,0
373,0,1,0,9.190847,70.1667,6.6263,106,2270,0,0,0,0,1,0,0,1,0,0,0,0,0,0,0,0,0,0,0
374,0,1,0,12.656536,64.6522,12.565984,173,3425,0,1,0,0,0,0,0,1,0,0,0,0,0,0,0,0,0,0,0
375,0,1,0,11.240847,84.75,8.791807,92,2085,0,0,0,0,0,0,1,1,0,0,0,0,0,0,0,0,0,0,0
376,0,1,0,15.6825,80.2917,12.124789,269,3828,0,0,0,0,0,1,0,1,0,0,0,0,0,0,0,0,0,0,0
377,0,1,0,11.240847,50.75,25.333236,174,3040,1,0,0,0,0,0,0,1,0,0,0,0,0,0,0,0,0,0,0
378,0,1,0,7.38,45.75,12.541261,333,2160,0,0,1,0,0,0,0,1,0,0,0,0,0,0,0,0,0,0,0
379,0,1,0,6.833347,41.9167,16.834286,284,2027,0,0,0,1,0,0,0,1,0,0,0,0,0,0,0,0,0,0,0
380,0,1,0,7.79,52.25,15.500986,217,2081,0,0,0,0,1,0,0,1,0,0,0,0,0,0,0,0,0,0,0
381,0,1,0,15.294763,71.6087,23.39171,127,2808,0,1,0,0,0,0,0,1,0,0,0,0,0,0,0,0,0,0,0
382,0,1,0,12.436653,44.3333,27.833743,109,3267,0,0,0,0,0,0,1,1,0,0,0,0,0,0,0,0,0,0,0
383,0,1,0,7.79,49.75,14.750586,130,3162,0,0,0,0,0,1,0,1,0,0,0,0,0,0,0,0,0,0,0
384,0,1,0,8.9175,45.0,13.58425,115,3048,1,0,0,0,0,0,0,1,0,0,0,0,0,0,0,0,0,0,0
385,0,1,1,7.106653,83.125,14.917014,67,1234,0,0,1,0,0,0,0,1,0,0,0,0,0,0,0,0,0,0,0
386,0,1,0,6.6625,79.625,13.375746,196,1781,0,0,0,1,0,0,0,1,0,0,0,0,0,0,0,0,0,0,0
387,0,1,0,8.951653,91.125,7.417436,145,2287,0,0,0,0,1,0,0,1,0,0,0,0,0,0,0,0,0,0,0
388,0,1,0,14.0425,83.5833,8.292389,439,3900,0,1,0,0,0,0,0,1,0,0,0,0,0,0,0,0,0,0,0
389,0,1,0,12.060847,64.375,10.791757,467,3803,0,0,0,0,0,0,1,1,0,0,0,0,0,0,0,0,0,0,0
390,0,1,0,14.008347,76.9583,4.9175186,244,3831,0,0,0,0,0,1,0,1,0,0,0,0,0,0,0,0,0,0,0
391,0,1,0,17.425,74.125,22.958689,269,3187,1,0,0,0,0,0,0,1,0,0,0,0,0,0,0,0,0,0,0
392,0,1,0,12.949153,54.3333,14.125543,775,3248,0,0,1,0,0,0,0,1,0,0,0,0,0,0,0,0,0,0,0
393,0,1,0,11.5825,31.125,16.08335,558,2685,0,0,0,1,0,0,0,1,0,0,0,0,0,0,0,0,0,0,0
394,0,1,0,11.035847,40.0833,14.458064,126,3498,0,0,0,0,1,0,0,1,0,0,0,0,0,0,0,0,0,0,0
395,0,1,0,15.99,41.6667,17.541739,324,4185,0,1,0,0,0,0,0,1,0,0,0,0,0,0,0,0,0,0,0
396,0,1,0,19.235847,50.7917,12.667489,304,4275,0,0,0,0,0,0,1,0,1,0,0,0,0,0,0,0,0,0,0
397,0,1,0,16.365847,67.2917,12.541529,190,3571,0,0,0,0,0,1,0,0,1,0,0,0,0,0,0,0,0,0,0
398,0,1,0,12.846653,52.6667,11.959232,310,3841,1,0,0,0,0,0,0,0,1,0,0,0,0,0,0,0,0,0,0
399,0,1,0,10.830847,77.9583,8.167032,384,2448,0,0,1,0,0,0,0,0,1,0,0,0,0,0,0,0,0,0,0
400,0,1,0,10.899153,68.7917,11.791732,318,2629,0,0,0,1,0,0,0,0,1,0,0,0,0,0,0,0,0,0,0
401,0,1,0,11.586969,62.2174,10.3046,206,3578,0,0,0,0,1,0,0,0,1,0,0,0,0,0,0,0,0,0,0
402,0,1,0,14.520847,49.625,9.874393,199,4176,0,1,0,0,0,0,0,0,1,0,0,0,0,0,0,0,0,0,0
403,0,1,0,10.523347,72.2917,8.959307,109,2693,0,0,0,0,0,0,1,0,1,0,0,0,0,0,0,0,0,0,0
404,0,1,0,10.865,56.2083,13.000479,163,3667,0,0,0,0,0,1,0,0,1,0,0,0,0,0,0,0,0,0,0
405,0,1,0,11.514153,54.0,7.834243,227,3604,1,0,0,0,0,0,0,0,1,0,0,0,0,0,0,0,0,0,0
406,0,1,0,9.190847,73.125,19.416332,192,1977,0,0,1,0,0,0,0,0,1,0,0,0,0,0,0,0,0,0,0
407,0,1,0,5.2275,46.4583,27.417204,73,1456,0,0,0,1,0,0,0,0,1,0,0,0,0,0,0,0,0,0,0
408,0,1,0,9.1225,41.125,11.207961,94,3328,0,0,0,0,1,0,0,0,1,0,0,0,0,0,0,0,0,0,0
409,0,1,0,13.085847,50.875,9.458993,135,3787,0,1,0,0,0,0,0,0,1,0,0,0,0,0,0,0,0,0,0
410,0,1,0,14.281653,53.125,12.1672,141,4028,0,0,0,0,0,0,1,0,1,0,0,0,0,0,0,0,0,0,0
411,0,1,0,12.983347,75.2917,6.125475,74,2931,0,0,0,0,0,1,0,0,1,0,0,0,0,0,0,0,0,0,0
412,0,1,0,14.076653,63.4583,13.791682,349,3805,1,0,0,0,0,0,0,0,1,0,0,0,0,0,0,0,0,0,0
413,0,1,1,14.213347,53.4583,12.792243,1435,2883,0,0,1,0,0,0,0,0,1,0,0,0,0,0,0,0,0,0,0
414,0,1,0,11.48,51.5833,16.958504,618,2071,0,0,0,1,0,0,0,0,1,0,0,0,0,0,0,0,0,0,0
415,0,1,0,11.48,50.7826,15.348561,502,2627,0,0,0,0,1,0,0,0,1,0,0,0,0,0,0,0,0,0,0
416,0,1,0,11.800866,59.4348,13.783039,163,3614,0,1,0,0,0,0,0,0,1,0,0,0,0,0,0,0,0,0,0
417,0,1,0,16.229153,56.7917,15.709557,394,4379,0,0,0,0,0,0,1,0,1,0,0,0,0,0,0,0,0,0,0
418,0,1,0,18.620847,55.4583,12.791171,516,4546,0,0,0,0,0,1,0,0,1,0,0,0,0,0,0,0,0,0,0
419,0,1,0,16.7075,73.75,15.916989,246,3241,1,0,0,0,0,0,0,0,1,0,0,0,0,0,0,0,0,0,0
420,0,1,0,11.924153,39.5833,28.250014,317,2415,0,0,1,0,0,0,0,0,1,0,0,0,0,0,0,0,0,0,0
421,0,1,0,11.445847,41.0,13.750343,515,2874,0,0,0,1,0,0,0,0,1,0,0,0,0,0,0,0,0,0,0
422,0,1,0,15.033347,49.0833,17.958211,253,4069,0,0,0,0,1,0,0,0,1,0,0,0,0,0,0,0,0,0,0
423,0,1,0,14.725847,39.5833,12.958939,229,4134,0,1,0,0,0,0,0,0,1,0,0,0,0,0,0,0,0,0,0
424,0,1,0,19.919153,61.5417,15.208129,325,4665,0,0,0,0,0,0,1,0,0,1,0,0,0,0,0,0,0,0,0
425,0,1,0,14.486653,65.7083,9.708568,246,2948,0,0,0,0,0,1,0,0,0,1,0,0,0,0,0,0,0,0,0
426,0,1,0,16.980847,62.125,10.792293,956,3110,1,0,0,0,0,0,0,0,0,1,0,0,0,0,0,0,0,0,0
427,0,1,0,13.359153,40.3333,22.416257,710,2713,0,0,1,0,0,0,0,0,0,1,0,0,0,0,0,0,0,0,0
428,0,1,0,9.976653,50.625,15.333486,203,3130,0,0,0,1,0,0,0,0,0,1,0,0,0,0,0,0,0,0,0
429,0,1,0,10.591653,45.6667,13.458625,221,3735,0,0,0,0,1,0,0,0,0,1,0,0,0,0,0,0,0,0,0
430,0,1,0,16.570847,51.3333,23.167193,432,4484,0,1,0,0,0,0,0,0,0,1,0,0,0,0,0,0,0,0,0
431,0,1,0,21.6275,56.75,29.584721,486,4896,0,0,0,0,0,0,1,0,0,1,0,0,0,0,0,0,0,0,0
432,0,1,0,16.844153,40.7083,27.7916,447,4122,0,0,0,0,0,1,0,0,0,1,0,0,0,0,0,0,0,0,0
433,0,1,0,11.7875,35.0417,15.12525,968,3150,1,0,0,0,0,0,0,0,0,1,0,0,0,0,0,0,0,0,0
434,0,1,0,14.831299,47.6957,14.913329,1658,3253,0,0,1,0,0,0,0,0,0,1,0,0,0,0,0,0,0,0,0
435,0,1,0,19.133347,48.9167,13.916771,838,4460,0,0,0,1,0,0,0,0,0,1,0,0,0,0,0,0,0,0,0
436,0,1,0,23.165,61.75,15.87565,762,5085,0,0,0,0,1,0,0,0,0,1,0,0,0,0,0,0,0,0,0
437,0,1,0,23.4725,50.7083,7.709154,997,5315,0,1,0,0,0,0,0,0,0,1,0,0,0,0,0,0,0,0,0
438,0,1,0,22.8575,57.9583,10.042161,1005,5187,0,0,0,0,0,0,1,0,0,1,0,0,0,0,0,0,0,0,0
439,0,1,0,17.869153,84.2083,7.583864,548,3830,0,0,0,0,0,1,0,0,0,1,0,0,0,0,0,0,0,0,0
440,0,1,0,21.080847,75.5833,7.417168,3155,4681,1,0,0,0,0,0,0,0,0,1,0,0,0,0,0,0,0,0,0
441,0,1,0,19.3725,81.0,8.501161,2207,3685,0,0,1,0,0,0,0,0,0,1,0,0,0,0,0,0,0,0,0
442,0,1,0,22.345,72.875,10.875239,982,5171,0,0,0,1,0,0,0,0,0,1,0,0,0,0,0,0,0,0,0
443,0,1,0,22.994153,80.7917,8.125157,1051,5042,0,0,0,0,1,0,0,0,0,1,0,0,0,0,0,0,0,0,0
444,4,1,0,21.798347,82.125,6.0004061,1122,5108,0,1,0,0,0,0,0,0,0,1,0,0,0,0,0,0,0,0,0
445,4,1,0,22.720847,83.125,7.876654,1334,5537,0,0,0,0,0,0,1,0,0,1,0,0,0,0,0,0,0,0,0
446,4,1,0,24.668347,69.4167,7.7921,2469,5893,0,0,0,0,0,1,0,0,0,1,0,0,0,0,0,0,0,0,0
447,4,1,0,20.6025,88.5417,12.916461,1033,2339,1,0,0,0,0,0,0,0,0,1,0,0,0,0,0,0,0,0,0
448,4,1,0,17.9375,88.0833,14.791925,1532,3464,0,0,1,0,0,0,0,0,0,1,0,0,0,0,0,0,0,0,0
449,4,1,0,18.279153,47.7917,25.917007,795,4763,0,0,0,1,0,0,0,0,0,1,0,0,0,0,0,0,0,0,0
450,4,1,0,13.256653,29.0,12.541864,531,4571,0,0,0,0,1,0,0,0,0,1,0,0,0,0,0,0,0,0,0
451,4,1,0,19.850847,48.125,19.541957,674,5024,0,1,0,0,0,0,0,0,0,1,0,0,0,0,0,0,0,0,0
452,4,1,0,20.260847,43.9167,21.41655,834,5299,0,0,0,0,0,0,1,0,0,1,0,0,0,0,0,0,0,0,0
453,4,1,0,15.17,58.0833,9.250489,796,4663,0,0,0,0,0,1,0,0,0,1,0,0,0,0,0,0,0,0,0
454,4,1,0,17.390847,73.8333,16.791339,2301,3934,1,0,0,0,0,0,0,0,0,1,0,0,0,0,0,0,0,0,0
455,4,1,0,17.459153,67.625,11.541889,2347,3694,0,0,1,0,0,0,0,0,0,0,1,0,0,0,0,0,0,0,0
456,4,1,0,17.790433,50.4348,20.913313,1208,4728,0,0,0,1,0,0,0,0,0,0,1,0,0,0,0,0,0,0,0
457,4,1,0,19.133347,39.6667,6.708911,1348,5424,0,0,0,0,1,0,0,0,0,0,1,0,0,0,0,0,0,0,0
458,4,1,0,22.208347,46.9583,12.125325,1058,5378,0,1,0,0,0,0,0,0,0,0,1,0,0,0,0,0,0,0,0
459,4,1,0,17.835,37.4167,14.708443,1192,5265,0,0,0,0,0,0,1,0,0,0,1,0,0,0,0,0,0,0,0
460,4,1,0,16.536653,37.7083,20.125996,1807,4653,0,0,0,0,0,1,0,0,0,0,1,0,0,0,0,0,0,0,0
461,4,1,0,17.9375,25.4167,18.416357,3252,3605,1,0,0,0,0,0,0,0,0,0,1,0,0,0,0,0,0,0,0
462,4,1,0,20.5,27.5833,15.583932,2230,2939,0,0,1,0,0,0,0,0,0,0,1,0,0,0,0,0,0,0,0
463,4,1,0,20.055847,31.75,23.999132,905,4680,0,0,0,1,0,0,0,0,0,0,1,0,0,0,0,0,0,0,0
464,4,1,0,18.313347,43.5,16.708125,819,5099,0,0,0,0,1,0,0,0,0,0,1,0,0,0,0,0,0,0,0
465,4,1,0,14.296536,46.9565,19.783358,482,4380,0,1,0,0,0,0,0,0,0,0,1,0,0,0,0,0,0,0,0
466,4,1,0,16.2975,46.625,19.458743,663,4746,0,0,0,0,0,0,1,0,0,0,1,0,0,0,0,0,0,0,0
467,4,1,0,18.1425,40.8333,10.416557,1252,5146,0,0,0,0,0,1,0,0,0,0,1,0,0,0,0,0,0,0,0
468,4,1,0,20.295,50.2917,12.791439,2795,4665,1,0,0,0,0,0,0,0,0,0,1,0,0,0,0,0,0,0,0
469,4,1,0,24.873347,50.7917,15.083643,2846,4286,0,0,1,0,0,0,0,0,0,0,1,0,0,0,0,0,0,0,0
470,4,1,0,27.230847,56.1667,19.083543,1198,5172,0,0,0,1,0,0,0,0,0,0,1,0,0,0,0,0,0,0,0
471,4,1,0,24.941653,39.0417,18.333143,989,5702,0,0,0,0,1,0,0,0,0,0,1,0,0,0,0,0,0,0,0
472,4,1,0,18.996653,56.9167,11.250104,347,4020,0,1,0,0,0,0,0,0,0,0,1,0,0,0,0,0,0,0,0
473,4,1,0,20.431653,61.25,4.4172564,846,5719,0,0,0,0,0,0,1,0,0,0,1,0,0,0,0,0,0,0,0
474,4,1,0,21.593347,69.4583,10.041357,1340,5950,0,0,0,0,0,1,0,0,0,0,1,0,0,0,0,0,0,0,0
475,4,1,0,23.37,68.2917,19.000329,2541,4083,1,0,0,0,0,0,0,0,0,0,1,0,0,0,0,0,0,0,0
476,4,1,0,16.263347,83.5417,23.084582,120,907,0,0,1,0,0,0,0,0,0,0,1,0,0,0,0,0,0,0,0
477,4,1,0,13.188347,76.6667,20.334232,195,3019,0,0,0,1,0,0,0,0,0,0,1,0,0,0,0,0,0,0,0
478,4,1,0,16.946653,45.4167,16.708661,518,5115,0,0,0,0,1,0,0,0,0,0,1,0,0,0,0,0,0,0,0
479,4,1,0,19.543347,42.7917,7.959064,655,5541,0,1,0,0,0,0,0,0,0,0,1,0,0,0,0,0,0,0,0
480,4,1,0,20.431653,75.6667,11.833875,475,4551,0,0,0,0,0,0,1,0,0,0,1,0,0,0,0,0,0,0,0
481,4,1,0,18.7575,40.0833,23.291411,1014,5219,0,0,0,0,0,1,0,0,0,0,1,0,0,0,0,0,0,0,0
482,4,1,0,15.443347,48.9583,8.708325,1120,3100,1,0,0,0,0,0,0,0,0,0,1,0,0,0,0,0,0,0,0
483,4,1,0,18.791653,58.7083,7.832836,2229,4075,0,0,1,0,0,0,0,0,0,0,1,0,0,0,0,0,0,0,0
484,4,1,0,19.030847,57.0,11.499746,665,4907,0,0,0,1,0,0,0,0,0,0,1,0,0,0,0,0,0,0,0
485,4,1,0,25.146653,65.9583,10.458432,653,5087,0,0,0,0,1,0,0,0,0,0,0,1,0,0,0,0,0,0,0
486,4,1,0,23.130847,79.7083,9.249886,667,5502,0,1,0,0,0,0,0,0,0,0,0,1,0,0,0,0,0,0,0
487,4,1,0,22.96,76.8333,8.957632,764,5657,0,0,0,0,0,0,1,0,0,0,0,1,0,0,0,0,0,0,0
488,4,1,0,25.7275,73.5417,10.916846,1069,5227,0,0,0,0,0,1,0,0,0,0,0,1,0,0,0,0,0,0,0
489,4,1,0,25.488347,75.6667,10.250464,2496,4387,1,0,0,0,0,0,0,0,0,0,0,1,0,0,0,0,0,0,0
490,4,1,0,23.0625,74.0,10.041893,2135,4224,0,0,1,0,0,0,0,0,0,0,0,1,0,0,0,0,0,0,0
491,4,1,0,22.0375,66.4167,15.458307,1008,5265,0,0,0,1,0,0,0,0,0,0,0,1,0,0,0,0,0,0,0
492,4,1,0,23.848347,68.5833,19.833943,738,4990,0,0,0,0,1,0,0,0,0,0,0,1,0,0,0,0,0,0,0
493,4,1,0,23.575,74.4167,14.499604,620,4097,0,1,0,0,0,0,0,0,0,0,0,1,0,0,0,0,0,0,0
494,4,1,0,20.739153,55.2083,21.042221,1026,5546,0,0,0,0,0,0,1,0,0,0,0,1,0,0,0,0,0,0,0
495,4,1,0,21.866653,36.0417,15.874779,1319,5711,0,0,0,0,0,1,0,0,0,0,0,1,0,0,0,0,0,0,0
496,4,1,0,23.130847,48.0417,8.249911,2622,4807,1,0,0,0,0,0,0,0,0,0,0,1,0,0,0,0,0,0,0
497,4,1,0,25.1125,57.625,15.082839,2172,3946,0,0,1,0,0,0,0,0,0,0,0,1,0,0,0,0,0,0,0
498,4,1,0,23.506653,78.9583,14.250364,342,2501,0,0,0,1,0,0,0,0,0,0,0,1,0,0,0,0,0,0,0
499,4,1,0,25.078347,79.4583,9.875264,625,4490,0,0,0,0,1,0,0,0,0,0,0,1,0,0,0,0,0,0,0
500,4,1,0,26.103347,69.7917,8.208304,991,6433,0,1,0,0,0,0,0,0,0,0,0,1,0,0,0,0,0,0,0
501,4,1,0,24.326653,52.0,15.374825,1242,6142,0,0,0,0,0,0,1,0,0,0,0,1,0,0,0,0,0,0,0
502,4,1,0,23.130847,52.3333,9.166739,1521,6118,0,0,0,0,0,1,0,0,0,0,0,1,0,0,0,0,0,0,0
503,4,1,0,24.6,45.625,5.626325,3410,4884,1,0,0,0,0,0,0,0,0,0,0,1,0,0,0,0,0,0,0
504,4,1,0,25.454153,53.0417,17.042589,2704,4425,0,0,1,0,0,0,0,0,0,0,0,1,0,0,0,0,0,0,0
505,4,1,0,24.531653,81.125,15.624668,630,3729,0,0,0,1,0,0,0,0,0,0,0,1,0,0,0,0,0,0,0
506,4,1,0,25.215,76.5833,7.917189,819,5254,0,0,0,0,1,0,0,0,0,0,0,1,0,0,0,0,0,0,0
507,4,1,0,25.488347,77.4583,6.834,766,4494,0,1,0,0,0,0,0,0,0,0,0,1,0,0,0,0,0,0,0
508,4,1,0,26.855,71.6667,11.584032,1059,5711,0,0,0,0,0,0,1,0,0,0,0,1,0,0,0,0,0,0,0
509,4,1,0,27.88,74.7083,9.41685,1417,5317,0,0,0,0,0,1,0,0,0,0,0,1,0,0,0,0,0,0,0
510,4,1,0,28.3925,73.25,13.332464,2855,3681,1,0,0,0,0,0,0,0,0,0,0,1,0,0,0,0,0,0,0
511,4,1,1,28.29,69.7083,14.416457,3283,3308,0,0,1,0,0,0,0,0,0,0,0,1,0,0,0,0,0,0,0
512,4,1,0,29.2125,67.625,13.166907,2557,3486,0,0,0,1,0,0,0,0,0,0,0,1,0,0,0,0,0,0,0
513,4,1,0,29.6225,68.4583,19.7918,880,4863,0,0,0,0,1,0,0,0,0,0,0,1,0,0,0,0,0,0,0
514,4,1,0,26.923347,67.0,9.000043,745,6110,0,1,0,0,0,0,0,0,0,0,0,1,0,0,0,0,0,0,0
515,4,1,0,27.88,49.2917,13.083693,1100,6238,0,0,0,0,0,0,1,0,0,0,0,1,0,0,0,0,0,0,0
516,4,1,0,26.820847,75.5417,15.916721,533,3594,0,0,0,0,0,1,0,0,0,0,0,0,1,0,0,0,0,0,0
517,4,1,0,23.916653,54.9167,12.499654,2795,5325,1,0,0,0,0,0,0,0,0,0,0,0,1,0,0,0,0,0,0
518,4,1,0,24.7025,49.3333,12.333829,2494,5147,0,0,1,0,0,0,0,0,0,0,0,0,1,0,0,0,0,0,0
519,4,1,0,24.4975,48.7083,19.083811,1071,5927,0,0,0,1,0,0,0,0,0,0,0,0,1,0,0,0,0,0,0
520,4,1,0,22.174153,61.3333,14.041525,968,6033,0,0,0,0,1,0,0,0,0,0,0,0,1,0,0,0,0,0,0
521,4,1,0,22.720847,61.125,5.167375,1027,6028,0,1,0,0,0,0,0,0,0,0,0,0,1,0,0,0,0,0,0
522,4,1,0,24.7025,56.7083,10.54245,1038,6456,0,0,0,0,0,0,1,0,0,0,0,0,1,0,0,0,0,0,0
523,4,1,0,26.615847,46.7917,11.750661,1488,6248,0,0,0,0,0,1,0,0,0,0,0,0,1,0,0,0,0,0,0
524,4,1,0,29.144153,43.7083,9.667229,2708,4790,1,0,0,0,0,0,0,0,0,0,0,0,1,0,0,0,0,0,0
525,4,1,0,29.793347,53.8333,8.959307,2224,4374,0,0,1,0,0,0,0,0,0,0,0,0,1,0,0,0,0,0,0
526,4,1,0,29.554153,58.7917,13.916771,1017,5647,0,0,0,1,0,0,0,0,0,0,0,0,1,0,0,0,0,0,0
527,4,1,0,26.786653,83.3333,14.374582,477,4495,0,0,0,0,1,0,0,0,0,0,0,0,1,0,0,0,0,0,0
528,4,1,0,26.889153,58.2083,22.999693,1173,6248,0,1,0,0,0,0,0,0,0,0,0,0,1,0,0,0,0,0,0
529,4,1,0,26.581653,56.9583,17.000111,1180,6183,0,0,0,0,0,0,1,0,0,0,0,0,1,0,0,0,0,0,0
530,4,1,0,26.205847,58.9583,11.833339,1563,6102,0,0,0,0,0,1,0,0,0,0,0,0,1,0,0,0,0,0,0
531,4,1,0,25.898347,50.4167,11.166689,2963,4739,1,0,0,0,0,0,0,0,0,0,0,0,1,0,0,0,0,0,0
532,4,1,0,24.2925,59.875,9.708568,2634,4344,0,0,1,0,0,0,0,0,0,0,0,0,1,0,0,0,0,0,0
533,4,1,0,23.301653,77.7917,11.707982,653,4446,0,0,0,1,0,0,0,0,0,0,0,0,1,0,0,0,0,0,0
534,4,1,0,28.221653,69.0,9.917139,968,5857,0,0,0,0,1,0,0,0,0,0,0,0,1,0,0,0,0,0,0
535,4,1,0,32.0825,59.2083,7.625404,872,5339,0,1,0,0,0,0,0,0,0,0,0,0,1,0,0,0,0,0,0
536,6,1,0,33.039153,56.7917,7.958729,778,5127,0,0,0,0,0,0,1,0,0,0,0,0,1,0,0,0,0,0,0
537,6,1,0,31.8775,57.375,12.250414,964,4859,0,0,0,0,0,1,0,0,0,0,0,0,1,0,0,0,0,0,0
538,6,1,0,29.998347,53.4583,12.041307,2657,4801,1,0,0,0,0,0,0,0,0,0,0,0,1,0,0,0,0,0,0
539,6,1,0,30.476653,47.9167,9.750175,2551,4340,0,0,1,0,0,0,0,0,0,0,0,0,1,0,0,0,0,0,0
540,6,1,0,29.349153,50.4167,20.125661,1139,5640,0,0,0,1,0,0,0,0,0,0,0,0,1,0,0,0,0,0,0
541,6,1,0,25.864153,37.3333,23.292014,1077,6365,0,0,0,0,1,0,0,0,0,0,0,0,1,0,0,0,0,0,0
542,6,1,0,28.5975,36.0,18.208925,1077,6258,0,1,0,0,0,0,0,0,0,0,0,0,1,0,0,0,0,0,0
543,6,1,0,30.715847,42.25,11.50055,921,5958,0,0,0,0,0,0,1,0,0,0,0,0,1,0,0,0,0,0,0
544,6,1,0,34.200847,48.875,11.082939,829,4634,0,0,0,0,0,1,0,0,0,0,0,0,1,0,0,0,0,0,0
545,6,1,0,31.365,60.125,10.791757,1455,4232,1,0,0,0,0,0,0,0,0,0,0,0,1,0,0,0,0,0,0
546,6,1,0,33.449153,51.875,11.291443,1421,4110,0,0,1,0,0,0,0,0,0,0,0,0,0,1,0,0,0,0,0
547,6,1,0,32.048347,44.7083,13.082889,904,5323,0,0,0,1,0,0,0,0,0,0,0,0,0,1,0,0,0,0,0
548,6,1,0,32.014153,49.2083,8.457879,1052,5608,0,0,0,0,1,0,0,0,0,0,0,0,0,1,0,0,0,0,0
549,6,1,1,32.355847,53.875,9.04165,2562,4841,0,1,0,0,0,0,0,0,0,0,0,0,0,1,0,0,0,0,0
550,6,1,0,33.9275,45.7917,12.999943,1405,4836,0,0,0,0,0,0,1,0,0,0,0,0,0,1,0,0,0,0,0
551,6,1,0,33.961653,45.0833,9.791514,1366,4841,0,0,0,0,0,1,0,0,0,0,0,0,0,1,0,0,0,0,0
552,6,1,0,35.328347,49.2083,10.958118,1448,3392,1,0,0,0,0,0,0,0,0,0,0,0,0,1,0,0,0,0,0
553,6,1,0,33.7225,57.375,8.417143,1203,3469,0,0,1,0,0,0,0,0,0,0,0,0,0,1,0,0,0,0,0
554,6,1,0,29.144153,68.3333,12.125325,998,5571,0,0,0,1,0,0,0,0,0,0,0,0,0,1,0,0,0,0,0
555,6,1,0,29.554153,66.75,10.166379,954,5336,0,0,0,0,1,0,0,0,0,0,0,0,0,1,0,0,0,0,0
556,6,1,0,29.383347,63.3333,10.166111,975,6289,0,1,0,0,0,0,0,0,0,0,0,0,0,1,0,0,0,0,0
557,6,1,0,29.349153,52.9583,9.833925,1032,6414,0,0,0,0,0,0,1,0,0,0,0,0,0,1,0,0,0,0,0
558,6,1,0,29.998347,48.5833,5.41695,1511,5988,0,0,0,0,0,1,0,0,0,0,0,0,0,1,0,0,0,0,0
559,6,1,0,28.836653,69.9167,9.626493,2355,4614,1,0,0,0,0,0,0,0,0,0,0,0,0,1,0,0,0,0,0
560,6,1,0,30.579153,71.7917,11.166689,1920,4111,0,0,1,0,0,0,0,0,0,0,0,0,0,1,0,0,0,0,0
561,6,1,0,31.296653,64.5,11.000529,1088,5742,0,0,0,1,0,0,0,0,0,0,0,0,0,1,0,0,0,0,0
562,6,1,0,33.551653,50.5833,7.666743,921,5865,0,0,0,0,1,0,0,0,0,0,0,0,0,1,0,0,0,0,0
563,6,1,0,32.526653,57.7083,9.208614,799,4914,0,1,0,0,0,0,0,0,0,0,0,0,0,1,0,0,0,0,0
564,6,1,0,31.57,60.0417,11.083743,888,5703,0,0,0,0,0,0,1,0,0,0,0,0,0,1,0,0,0,0,0
565,6,1,0,27.299153,84.4167,14.000789,747,5123,0,0,0,0,0,1,0,0,0,0,0,0,0,1,0,0,0,0,0
566,6,1,0,24.429153,86.5417,14.2911,1264,3195,1,0,0,0,0,0,0,0,0,0,0,0,0,1,0,0,0,0,0
567,6,1,0,27.3675,76.25,6.2926936,2544,4866,0,0,1,0,0,0,0,0,0,0,0,0,0,1,0,0,0,0,0
568,6,1,0,30.408347,69.4167,9.291761,1135,5831,0,0,0,1,0,0,0,0,0,0,0,0,0,1,0,0,0,0,0
569,6,1,0,30.784153,65.5,14.167418,1140,6452,0,0,0,0,1,0,0,0,0,0,0,0,0,1,0,0,0,0,0
570,6,1,0,29.690847,45.0,11.0416,1383,6790,0,1,0,0,0,0,0,0,0,0,0,0,0,1,0,0,0,0,0
571,6,1,0,31.843347,59.6667,19.082471,1036,5825,0,0,0,0,0,0,1,0,0,0,0,0,0,1,0,0,0,0,0
572,6,1,0,32.048347,59.4583,10.250464,1259,5645,0,0,0,0,0,1,0,0,0,0,0,0,0,1,0,0,0,0,0
573,6,1,0,30.989153,61.3333,10.54245,2234,4451,1,0,0,0,0,0,0,0,0,0,0,0,0,1,0,0,0,0,0
574,6,1,0,29.588347,62.375,11.416532,2153,4444,0,0,1,0,0,0,0,0,0,0,0,0,0,1,0,0,0,0,0
575,6,1,0,29.964153,66.875,10.292339,1040,6065,0,0,0,1,0,0,0,0,0,0,0,0,0,1,0,0,0,0,0
576,6,1,0,29.246653,70.4167,11.083475,968,6248,0,0,0,0,1,0,0,0,0,0,0,0,0,1,0,0,0,0,0
577,6,1,0,29.4175,67.75,9.458993,1074,6506,0,1,0,0,0,0,0,0,0,0,0,0,0,0,1,0,0,0,0
578,6,1,0,30.8525,65.9583,8.666718,983,6278,0,0,0,0,0,0,1,0,0,0,0,0,0,0,1,0,0,0,0
579,6,1,0,31.399153,64.25,14.458064,1328,5847,0,0,0,0,0,1,0,0,0,0,0,0,0,0,1,0,0,0,0
580,6,1,0,32.526653,61.3333,17.249686,2345,4479,1,0,0,0,0,0,0,0,0,0,0,0,0,0,1,0,0,0,0
581,6,1,0,31.535847,65.25,19.458207,1707,3757,0,0,1,0,0,0,0,0,0,0,0,0,0,0,1,0,0,0,0
582,6,1,0,30.8525,65.4167,8.666718,1233,5780,0,0,0,1,0,0,0,0,0,0,0,0,0,0,1,0,0,0,0
583,6,1,0,30.169153,70.375,7.832836,1278,5995,0,0,0,0,1,0,0,0,0,0,0,0,0,0,1,0,0,0,0
584,6,1,0,30.75,67.2917,7.4169,1263,6271,0,1,0,0,0,0,0,0,0,0,0,0,0,0,1,0,0,0,0
585,6,1,0,30.989153,62.0417,10.4587,1196,6090,0,0,0,0,0,0,1,0,0,0,0,0,0,0,1,0,0,0,0
586,6,1,0,29.349153,71.5833,16.000471,1065,4721,0,0,0,0,0,1,0,0,0,0,0,0,0,0,1,0,0,0,0
587,6,1,0,28.3925,73.2917,13.834093,2247,4052,1,0,0,0,0,0,0,0,0,0,0,0,0,0,1,0,0,0,0
588,6,1,0,28.734153,53.0417,8.208304,2182,4362,0,0,1,0,0,0,0,0,0,0,0,0,0,0,1,0,0,0,0
589,6,1,0,29.554153,54.5417,9.126204,1207,5676,0,0,0,1,0,0,0,0,0,0,0,0,0,0,1,0,0,0,0
590,6,1,0,29.793347,68.6667,11.333586,1128,5656,0,0,0,0,1,0,0,0,0,0,0,0,0,0,1,0,0,0,0
591,6,1,0,28.973347,61.9583,11.374657,1198,6149,0,1,0,0,0,0,0,0,0,0,0,0,0,0,1,0,0,0,0
592,6,1,0,29.485847,51.9167,9.500332,1338,6267,0,0,0,0,0,0,1,0,0,0,0,0,0,0,1,0,0,0,0
593,6,1,0,29.656653,57.0833,15.500718,1483,5665,0,0,0,0,0,1,0,0,0,0,0,0,0,0,1,0,0,0,0
594,6,1,0,27.811653,60.3333,11.917089,2827,5038,1,0,0,0,0,0,0,0,0,0,0,0,0,0,1,0,0,0,0
595,6,1,0,26.069153,71.1667,5.79215,1208,3341,0,0,1,0,0,0,0,0,0,0,0,0,0,0,1,0,0,0,0
596,6,1,0,26.069153,73.4167,8.708593,1026,5504,0,0,0,1,0,0,0,0,0,0,0,0,0,0,1,0,0,0,0
597,6,1,0,26.615847,67.375,4.8756436,1081,5925,0,0,0,0,1,0,0,0,0,0,0,0,0,0,1,0,0,0,0
598,6,1,0,27.3675,67.7083,4.7089811,1094,6281,0,1,0,0,0,0,0,0,0,0,0,0,0,0,1,0,0,0,0
599,6,1,0,28.529153,63.5833,5.6679186,1363,6402,0,0,0,0,0,0,1,0,0,0,0,0,0,0,1,0,0,0,0
600,6,1,0,28.8025,61.5,4.8337686,1325,6257,0,0,0,0,0,1,0,0,0,0,0,0,0,0,1,0,0,0,0
601,6,1,0,27.128347,71.2917,16.375336,1829,4224,1,0,0,0,0,0,0,0,0,0,0,0,0,0,1,0,0,0,0
602,6,1,0,26.786653,84.5833,15.333486,1483,3772,0,0,1,0,0,0,0,0,0,0,0,0,0,0,1,0,0,0,0
603,6,1,0,28.836653,73.0417,8.625111,989,5928,0,0,0,1,0,0,0,0,0,0,0,0,0,0,1,0,0,0,0
604,6,1,0,29.861653,62.0,12.791975,935,6105,0,0,0,0,1,0,0,0,0,0,0,0,0,0,1,0,0,0,0
605,6,1,0,28.085,55.2083,7.541654,1177,6520,0,1,0,0,0,0,0,0,0,0,0,0,0,0,1,0,0,0,0
606,6,1,0,28.973347,59.0417,5.1668189,1172,6541,0,0,0,0,0,0,1,0,0,0,0,0,0,0,1,0,0,0,0
607,6,1,0,31.330847,58.75,11.291711,1433,5917,0,0,0,0,0,1,0,0,0,0,0,0,0,0,1,0,0,0,0
608,6,1,0,30.886653,63.8333,7.583529,2352,3788,1,0,0,0,0,0,0,0,0,0,0,0,0,0,0,1,0,0,0
609,6,1,1,28.563347,81.5,4.2927436,2613,3197,0,0,1,0,0,0,0,0,0,0,0,0,0,0,0,1,0,0,0
610,6,1,0,29.0075,79.0833,10.125107,1965,4069,0,0,0,1,0,0,0,0,0,0,0,0,0,0,0,1,0,0,0
611,6,1,0,29.759153,75.5,15.833507,867,5997,0,0,0,0,1,0,0,0,0,0,0,0,0,0,0,1,0,0,0
612,6,1,0,30.203347,74.125,12.583136,832,6280,0,1,0,0,0,0,0,0,0,0,0,0,0,0,0,1,0,0,0
613,6,1,0,28.563347,81.0417,9.542207,611,5592,0,0,0,0,0,0,1,0,0,0,0,0,0,0,0,1,0,0,0
614,6,1,0,28.836653,73.625,11.500282,1045,6459,0,0,0,0,0,1,0,0,0,0,0,0,0,0,0,1,0,0,0
615,6,1,0,27.025847,79.9167,18.833968,1557,4419,1,0,0,0,0,0,0,0,0,0,0,0,0,0,0,1,0,0,0
616,6,1,0,25.01,54.75,15.041232,2570,5657,0,0,1,0,0,0,0,0,0,0,0,0,0,0,0,1,0,0,0
617,6,1,0,23.916653,50.375,17.333771,1118,6407,0,0,0,1,0,0,0,0,0,0,0,0,0,0,0,1,0,0,0
618,6,1,0,23.6775,52.0,6.1676314,1070,6697,0,0,0,0,1,0,0,0,0,0,0,0,0,0,0,1,0,0,0
619,6,1,0,24.565847,57.7083,8.833682,1050,6820,0,1,0,0,0,0,0,0,0,0,0,0,0,0,0,1,0,0,0
620,6,1,0,25.1125,63.7083,5.5422936,1054,6750,0,0,0,0,0,0,1,0,0,0,0,0,0,0,0,1,0,0,0
621,6,1,0,25.966653,67.25,6.958821,1379,6630,0,0,0,0,0,1,0,0,0,0,0,0,0,0,0,1,0,0,0
622,6,1,0,24.941653,50.1667,16.583907,3160,5554,1,0,0,0,0,0,0,0,0,0,0,0,0,0,0,1,0,0,0
623,6,1,0,23.78,57.0,6.0422811,2166,5167,0,0,1,0,0,0,0,0,0,0,0,0,0,0,0,1,0,0,0
624,6,1,0,23.814153,73.4583,10.166714,1022,5847,0,0,0,1,0,0,0,0,0,0,0,0,0,0,0,1,0,0,0
625,6,1,0,25.556653,87.25,23.958329,371,3702,0,0,0,0,1,0,0,0,0,0,0,0,0,0,0,1,0,0,0
626,6,1,0,22.6525,53.6667,14.416725,788,6803,0,1,0,0,0,0,0,0,0,0,0,0,0,0,0,1,0,0,0
627,6,1,0,22.413347,61.8333,7.917189,939,6781,0,0,0,0,0,0,1,0,0,0,0,0,0,0,0,1,0,0,0
628,6,1,0,24.565847,66.875,10.333343,1250,6917,0,0,0,0,0,1,0,0,0,0,0,0,0,0,0,1,0,0,0
629,6,1,0,26.65,64.6667,19.000061,2512,5883,1,0,0,0,0,0,0,0,0,0,0,0,0,0,0,1,0,0,0
630,1,1,0,21.695847,46.7083,14.958286,2454,5453,0,0,1,0,0,0,0,0,0,0,0,0,0,0,0,1,0,0,0
631,1,1,0,21.080847,49.2917,9.541068,1001,6435,0,0,0,1,0,0,0,0,0,0,0,0,0,0,0,1,0,0,0
632,1,1,0,22.55,57.0,15.833507,845,6693,0,0,0,0,1,0,0,0,0,0,0,0,0,0,0,1,0,0,0
633,1,1,0,26.035,63.0833,16.3748,787,6946,0,1,0,0,0,0,0,0,0,0,0,0,0,0,0,1,0,0,0
634,1,1,0,26.65,69.0833,9.000914,751,6642,0,0,0,0,0,0,1,0,0,0,0,0,0,0,0,1,0,0,0
635,1,1,0,25.385847,69.0,10.999993,1045,6370,0,0,0,0,0,1,0,0,0,0,0,0,0,0,0,1,0,0,0
636,1,1,0,22.2425,54.2917,15.249468,2589,5966,1,0,0,0,0,0,0,0,0,0,0,0,0,0,0,1,0,0,0
637,1,1,0,21.593347,58.3333,9.042186,2015,4874,0,0,1,0,0,0,0,0,0,0,0,0,0,0,0,1,0,0,0
638,1,1,0,21.354153,64.9167,6.0838814,763,6015,0,0,0,1,0,0,0,0,0,0,0,0,0,0,0,0,1,0,0
639,1,1,0,24.224153,87.1667,6.999825,315,4324,0,0,0,0,1,0,0,0,0,0,0,0,0,0,0,0,1,0,0
640,1,1,0,26.9575,79.375,4.4585686,728,6844,0,1,0,0,0,0,0,0,0,0,0,0,0,0,0,0,1,0,0
641,1,1,0,26.9575,72.2917,7.875582,891,6437,0,0,0,0,0,0,1,0,0,0,0,0,0,0,0,0,1,0,0
642,1,1,0,25.215,62.75,7.12545,1516,6640,0,0,0,0,0,1,0,0,0,0,0,0,0,0,0,0,1,0,0
643,1,1,0,22.720847,66.4167,17.957675,3031,4934,1,0,0,0,0,0,0,0,0,0,0,0,0,0,0,0,1,0,0
644,1,1,0,17.049153,70.8333,9.457854,781,2729,0,0,1,0,0,0,0,0,0,0,0,0,0,0,0,0,1,0,0
645,1,1,0,15.716653,70.9583,12.708493,874,4604,0,0,0,1,0,0,0,0,0,0,0,0,0,0,0,0,1,0,0
646,1,1,0,18.313347,76.1667,12.7501,601,5791,0,0,0,0,1,0,0,0,0,0,0,0,0,0,0,0,1,0,0
647,1,1,0,21.080847,63.0833,12.584007,780,6911,0,1,0,0,0,0,0,0,0,0,0,0,0,0,0,0,1,0,0
648,1,1,0,17.835,46.3333,12.166932,834,6736,0,0,0,0,0,0,1,0,0,0,0,0,0,0,0,0,1,0,0
649,1,1,0,17.9375,53.9167,15.751164,1060,6222,0,0,0,0,0,1,0,0,0,0,0,0,0,0,0,0,1,0,0
650,1,1,0,16.126653,49.4583,9.791514,2252,4857,1,0,0,0,0,0,0,0,0,0,0,0,0,0,0,0,1,0,0
651,1,1,1,21.388347,64.0417,18.667004,2080,4559,0,0,1,0,0,0,0,0,0,0,0,0,0,0,0,0,1,0,0
652,1,1,0,23.028347,70.75,19.834479,760,5115,0,0,0,1,0,0,0,0,0,0,0,0,0,0,0,0,1,0,0
653,1,1,0,19.201653,55.8333,12.208807,922,6612,0,0,0,0,1,0,0,0,0,0,0,0,0,0,0,0,1,0,0
654,1,1,0,18.689153,69.2917,6.791857,979,6482,0,1,0,0,0,0,0,0,0,0,0,0,0,0,0,0,1,0,0
655,1,1,0,21.4225,72.8333,15.874779,1008,6501,0,0,0,0,0,0,1,0,0,0,0,0,0,0,0,0,1,0,0
656,1,1,0,23.096653,81.5,9.041918,753,4671,0,0,0,0,0,1,0,0,0,0,0,0,0,0,0,0,1,0,0
657,1,1,0,19.850847,57.2917,7.874979,2806,5284,1,0,0,0,0,0,0,0,0,0,0,0,0,0,0,0,1,0,0
658,1,1,0,19.030847,51.0,11.125618,2132,4692,0,0,1,0,0,0,0,0,0,0,0,0,0,0,0,0,1,0,0
659,1,1,0,19.9875,56.8333,5.4593811,830,6228,0,0,0,1,0,0,0,0,0,0,0,0,0,0,0,0,1,0,0
660,1,1,0,22.310847,64.1667,6.3345686,841,6625,0,0,0,0,1,0,0,0,0,0,0,0,0,0,0,0,1,0,0
661,1,1,0,24.0875,63.625,4.8762064,795,6898,0,1,0,0,0,0,0,0,0,0,0,0,0,0,0,0,1,0,0
662,1,1,0,22.55,80.0417,8.333125,875,6484,0,0,0,0,0,0,1,0,0,0,0,0,0,0,0,0,1,0,0
663,1,1,0,22.379153,80.7083,8.875289,1182,6262,0,0,0,0,0,1,0,0,0,0,0,0,0,0,0,0,1,0,0
664,1,1,0,21.73,72.0,15.791364,2643,5209,1,0,0,0,0,0,0,0,0,0,0,0,0,0,0,0,1,0,0
665,1,1,0,19.5775,69.4583,26.666536,998,3461,0,0,1,0,0,0,0,0,0,0,0,0,0,0,0,0,1,0,0
666,1,1,0,18.04,88.0,23.9994,2,20,0,0,0,1,0,0,0,0,0,0,0,0,0,0,0,0,1,0,0
667,1,1,0,13.045462,82.5455,14.271603,87,1009,0,0,0,0,1,0,0,0,0,0,0,0,0,0,0,0,1,0,0
668,1,1,0,14.6575,66.6667,11.166689,419,5147,0,1,0,0,0,0,0,0,0,0,0,0,0,0,0,0,1,0,0
669,1,1,0,14.999153,58.1667,10.542182,466,5520,0,0,0,0,0,0,1,0,0,0,0,0,0,0,0,0,0,1,0
670,1,1,0,14.555,52.2083,17.833725,618,5229,0,0,0,0,0,1,0,0,0,0,0,0,0,0,0,0,0,1,0
671,1,1,0,14.076653,49.125,18.125443,1029,4109,1,0,0,0,0,0,0,0,0,0,0,0,0,0,0,0,0,1,0
672,1,1,0,13.359153,53.2917,12.000236,1201,3906,0,0,1,0,0,0,0,0,0,0,0,0,0,0,0,0,0,1,0
673,1,1,0,13.085847,49.4167,15.833775,378,4881,0,0,0,1,0,0,0,0,0,0,0,0,0,0,0,0,0,1,0
674,1,1,0,11.514153,56.7083,11.625371,466,5220,0,0,0,0,1,0,0,0,0,0,0,0,0,0,0,0,0,1,0
675,1,1,0,12.129153,54.75,20.375236,326,4709,0,1,0,0,0,0,0,0,0,0,0,0,0,0,0,0,0,1,0
676,1,1,0,14.439134,33.3478,23.304945,340,4975,0,0,0,0,0,0,1,0,0,0,0,0,0,0,0,0,0,1,0
677,1,1,0,14.828347,54.0833,14.375386,709,5283,0,0,0,0,0,1,0,0,0,0,0,0,0,0,0,0,0,1,0
678,1,1,0,15.955847,64.5417,3.8756686,2090,4446,1,0,0,0,0,0,0,0,0,0,0,0,0,0,0,0,0,1,0
679,1,1,1,17.254153,65.9167,8.5425,2290,4562,0,0,1,0,0,0,0,0,0,0,0,0,0,0,0,0,0,1,0
680,1,1,0,19.885,74.1667,11.625639,1097,5172,0,0,0,1,0,0,0,0,0,0,0,0,0,0,0,0,0,1,0
681,1,1,0,14.076653,66.2917,22.917082,327,3767,0,0,0,0,1,0,0,0,0,0,0,0,0,0,0,0,0,1,0
682,1,1,0,11.855847,55.2083,13.374875,373,5122,0,1,0,0,0,0,0,0,0,0,0,0,0,0,0,0,0,1,0
683,1,1,0,13.188347,62.0417,10.250129,320,5125,0,0,0,0,0,0,1,0,0,0,0,0,0,0,0,0,0,1,0
684,1,1,0,14.145,52.4583,11.458675,484,5214,0,0,0,0,0,1,0,0,0,0,0,0,0,0,0,0,0,1,0
685,1,1,0,13.325,54.5417,12.041843,1313,4316,1,0,0,0,0,0,0,0,0,0,0,0,0,0,0,0,0,1,0
686,1,1,0,14.0425,69.2917,15.250004,922,3747,0,0,1,0,0,0,0,0,0,0,0,0,0,0,0,0,0,1,0
687,1,1,0,15.614153,62.3333,15.749489,449,5050,0,0,0,1,0,0,0,0,0,0,0,0,0,0,0,0,0,1,0
688,1,1,0,15.340847,68.5,5.542575,534,5100,0,0,0,0,1,0,0,0,0,0,0,0,0,0,0,0,0,1,0
689,1,1,0,14.486653,61.375,6.917482,615,4531,0,1,0,0,0,0,0,0,0,0,0,0,0,0,0,0,0,1,0
690,1,1,0,13.94,58.0417,3.5423436,955,1470,0,0,0,0,0,0,1,0,0,0,0,0,0,0,0,0,0,1,0
691,1,1,0,15.101653,56.875,9.917407,1603,2307,0,0,0,0,0,1,0,0,0,0,0,0,0,0,0,0,0,1,0
692,1,1,0,11.411653,40.4583,25.250357,532,1745,1,0,0,0,0,0,0,0,0,0,0,0,0,0,0,0,0,1,0
693,1,1,0,10.079153,46.8333,10.0835,309,2115,0,0,1,0,0,0,0,0,0,0,0,0,0,0,0,0,0,1,0
694,1,1,0,12.846653,53.5417,3.12555,337,4750,0,0,0,1,0,0,0,0,0,0,0,0,0,0,0,0,0,1,0
695,1,1,0,11.958347,78.6667,15.916654,123,3836,0,0,0,0,1,0,0,0,0,0,0,0,0,0,0,0,0,1,0
696,1,1,1,12.163347,50.625,14.125007,198,5062,0,1,0,0,0,0,0,0,0,0,0,0,0,0,0,0,0,1,0
697,1,1,0,11.51567,55.5652,7.739974,243,5080,0,0,0,0,0,0,1,0,0,0,0,0,0,0,0,0,0,1,0
698,1,1,0,12.231653,64.9583,3.9175436,362,5306,0,0,0,0,0,1,0,0,0,0,0,0,0,0,0,0,0,1,0
699,1,1,0,12.231653,80.6667,4.0001814,951,4240,1,0,0,0,0,0,0,0,0,0,0,0,0,0,0,0,0,0,1
700,1,1,0,14.2475,82.3333,8.333393,892,3757,0,0,1,0,0,0,0,0,0,0,0,0,0,0,0,0,0,0,1
701,1,1,0,18.5525,76.75,5.5422936,555,5679,0,0,0,1,0,0,0,0,0,0,0,0,0,0,0,0,0,0,1
702,1,1,0,19.509153,73.375,11.666643,551,6055,0,0,0,0,1,0,0,0,0,0,0,0,0,0,0,0,0,0,1
703,1,1,0,17.971653,48.5,21.709407,331,5398,0,1,0,0,0,0,0,0,0,0,0,0,0,0,0,0,0,0,1
704,1,1,0,10.489153,50.875,11.708518,340,5035,0,0,0,0,0,0,1,0,0,0,0,0,0,0,0,0,0,0,1
705,1,1,0,13.154153,76.4167,8.7502,349,4659,0,0,0,0,0,1,0,0,0,0,0,0,0,0,0,0,0,0,1
706,1,1,0,15.648347,91.125,6.792393,1153,4429,1,0,0,0,0,0,0,0,0,0,0,0,0,0,0,0,0,0,1
707,1,1,0,15.750847,90.5417,10.584325,441,2787,0,0,1,0,0,0,0,0,0,0,0,0,0,0,0,0,0,0,1
708,1,1,0,17.869153,92.5,12.750636,329,4841,0,0,0,1,0,0,0,0,0,0,0,0,0,0,0,0,0,0,1
709,1,1,0,14.486653,59.6667,19.834479,282,5219,0,0,0,0,1,0,0,0,0,0,0,0,0,0,0,0,0,0,1
710,1,1,0,12.1975,53.8333,10.916779,310,5009,0,1,0,0,0,0,0,0,0,0,0,0,0,0,0,0,0,0,1
711,1,1,0,12.129153,48.5833,11.666643,425,5107,0,0,0,0,0,0,1,0,0,0,0,0,0,0,0,0,0,0,1
712,1,1,0,11.548347,64.2917,8.792343,429,5182,0,0,0,0,0,1,0,0,0,0,0,0,0,0,0,0,0,0,1
713,1,1,0,13.290847,65.0417,7.12545,767,4280,1,0,0,0,0,0,0,0,0,0,0,0,0,0,0,0,0,0,1
714,1,1,0,14.8625,83.875,6.749714,538,3248,0,0,1,0,0,0,0,0,0,0,0,0,0,0,0,0,0,0,1
715,1,1,0,16.126653,90.7083,6.5833061,212,4373,0,0,0,1,0,0,0,0,0,0,0,0,0,0,0,0,0,0,1
716,1,1,0,16.844153,66.625,14.834068,433,5124,0,0,0,0,1,0,0,0,0,0,0,0,0,0,0,0,0,0,1
717,1,1,0,13.6325,62.5417,12.334164,333,4934,0,1,0,0,0,0,0,0,0,0,0,0,0,0,0,0,0,0,1
718,1,1,0,13.53,66.7917,8.875021,314,3814,0,0,0,0,0,0,1,0,0,0,0,0,0,0,0,0,0,0,1
719,0,1,0,13.393347,55.6667,25.083661,221,3402,0,0,0,0,0,1,0,0,0,0,0,0,0,0,0,0,0,0,1
720,0,1,0,10.899153,44.125,27.292182,205,1544,1,0,0,0,0,0,0,0,0,0,0,0,0,0,0,0,0,0,1
721,0,1,0,10.079153,51.5417,8.916561,408,1379,0,0,1,0,0,0,0,0,0,0,0,0,0,0,0,0,0,0,1
722,0,1,0,9.483464,79.1304,5.1744368,174,746,0,0,0,1,0,0,0,0,0,0,0,0,0,0,0,0,0,0,1
723,0,1,1,11.943464,73.4783,11.304642,440,573,0,0,0,0,1,0,0,0,0,0,0,0,0,0,0,0,0,0,1
724,0,1,0,9.976653,82.3333,21.208582,9,432,0,1,0,0,0,0,0,0,0,0,0,0,0,0,0,0,0,0,1
725,0,1,0,10.420847,65.2917,23.458911,247,1867,0,0,0,0,0,0,1,0,0,0,0,0,0,0,0,0,0,0,1
726,0,1,0,10.386653,59.0,10.416557,644,2451,0,0,0,0,0,1,0,0,0,0,0,0,0,0,0,0,0,0,1
727,0,1,0,10.386653,75.2917,8.333661,159,1182,1,0,0,0,0,0,0,0,0,0,0,0,0,0,0,0,0,0,1
728,0,1,0,10.489153,48.3333,23.500518,364,1432,0,0,1,0,0,0,0,0,0,0,0,0,0,0,0,0,0,0,1
729,0,1,0,8.849153,57.75,10.374682,439,2290,0,0,0,1,0,0,0,0,0,0,0,0,0,0,0,0,0,0,1
