,estacion,mes,dias_festivos,temperatura,humedad,velocidad_viento,clientes_casuales,clientes_registrados,total_bicis,dia_semana_domingo,dia_semana_jueves,dia_semana_lunes,dia_semana_martes,dia_semana_miercoles,dia_semana_sabado,dia_semana_viernes
0,0,1,1,-0.4862737039587512,0.855581878146651,-0.2089088230879409,331,654,985,0,0,1,0,0,0,0
1,0,1,0,-0.4256900795138502,0.3327223157210185,0.6875500863711644,131,670,801,0,0,0,1,0,0,0
2,0,1,0,-0.9499701176001843,-0.900337429414364,0.6852095422964299,120,1229,1349,0,0,0,0,1,0,0
3,0,1,0,-0.9385630408832012,-0.17063232580936,-0.2104352648758112,108,1454,1562,0,1,0,0,0,0,0
4,0,1,0,-0.853991927830475,-0.9018429386969482,0.0602944506208801,82,1518,1600,0,0,0,0,0,0,1
5,0,1,0,-0.9249222351721336,-0.5144887402436686,-0.9302115902724952,88,1518,1606,0,0,0,0,0,1,0
6,0,1,0,-0.9494744305481264,-0.607701680477094,-0.1246492363974957,148,1362,1510,1,0,0,0,0,0,0
7,0,1,0,-1.0483671346935444,-0.4307709898842639,0.8734198147408484,68,891,959,0,0,1,0,0,0,0
8,0,1,0,-1.1320284423975566,-0.9151352516666011,1.8416520170656192,54,768,822,0,0,0,1,0,0,0
9,0,1,0,-1.0928126946081482,-0.682877094938797,0.4303751739507619,41,1280,1321,0,0,0,0,1,0,0
10,0,1,0,-1.035532604757027,0.2863993196622606,-0.5988027608243804,43,1220,1263,0,1,0,0,0,0,0
11,0,1,0,-1.024125528040044,-0.1272298271880205,1.2583171996916585,25,1137,1162,0,0,0,0,0,0,1
12,0,1,0,-1.0483671346935444,-0.7424304684587467,1.221407837260953,38,1368,1406,0,0,0,0,0,1,0
13,0,1,0,-1.061324017763165,-0.421275800010243,-0.5538643145894762,54,1367,1421,1,0,0,0,0,0,0
14,0,1,1,-0.8339887591980535,-0.6074444099034877,-0.2341765228164887,222,1026,1248,0,0,1,0,0,0,0
15,0,1,0,-0.8392154340634258,-0.6789084581274275,0.0758946856929156,251,953,1204,0,0,0,1,0,0,0
16,0,1,0,-1.0143811990293317,-0.4228289519916434,0.1327190253160369,117,883,1000,0,0,0,0,1,0,0
17,0,1,0,-0.8862743314107158,1.1215901227156817,-0.3480287276344476,9,674,683,0,1,0,0,0,0,0
18,0,1,0,-0.6493892539439277,0.5502207643556386,0.2782398090930136,78,1572,1650,0,0,0,0,0,0,1
19,0,1,0,-0.745097639368846,-0.4188603151802739,0.1519216630074464,83,1844,1927,0,0,0,0,0,1,0
20,0,1,0,-1.0091513869041362,-0.8059572430599474,1.7530369831404506,75,1468,1543,1,0,0,0,0,0,0
21,0,1,0,-1.3805075772667876,-1.077916060711091,-0.091637388665152,93,888,981,0,0,1,0,0,0,0
22,0,1,0,-1.2632013540413396,-0.9039153960954424,0.6678182821932935,150,836,986,0,0,0,1,0,0,0
23,0,1,0,-1.260473192899126,-0.640846706043357,-0.2304418285754991,86,1330,1416,0,0,0,0,1,0,0
24,0,1,0,-0.8649064547552231,-0.0442743600096713,-0.5208117617427894,186,1799,1985,0,1,0,0,0,0,0
25,0,1,0,-0.8836609939780297,1.1255587595270509,1.1486474453724649,34,472,506,0,0,0,0,0,0,1
26,0,1,0,-0.9542493399989646,0.2918115302477539,-0.6832149916936125,15,416,431,0,0,0,0,0,1,0
27,0,1,0,-0.9276516512182764,0.7946468663610385,-0.5869168674361628,38,1129,1167,1,0,0,0,0,0,0
28,0,1,0,-0.9494744305481264,0.1214364750120001,-0.3623772804404294,123,975,1098,0,0,1,0,0,0,0
29,0,1,0,-0.886729234085073,0.4570078241222129,-1.0887844689636224,140,956,1096,0,0,0,1,0,0,0
30,0,1,0,-0.9986948999135684,-0.1071960723359096,0.0632659239679345,42,1459,1501,0,0,0,0,1,0,0
31,0,2,0,-0.963115236259194,0.9686475309766874,-1.3001417046793071,47,1313,1360,0,1,0,0,0,0,0
32,0,2,0,-0.7503274514940415,0.7106718454280282,0.8480198233906848,72,1454,1526,0,0,0,0,0,0,1
33,0,2,0,-0.9794823207565814,-0.8977027881698413,0.9848297126982144,61,1489,1550,0,0,0,0,0,1,0
34,0,2,0,-0.9030994558422836,-0.1954922860515278,-0.5407267389352051,88,1620,1708,1,0,0,0,0,0,0
35,0,2,0,-0.8339887591980535,1.4431783397234104,-0.2024672387431277,100,905,1005,0,0,1,0,0,0,0
36,0,2,0,-0.6692826184825387,-0.2759322187323944,-0.3986557135988154,354,1269,1623,0,0,0,1,0,0,0
37,0,2,0,-0.7137250411373194,0.5339936611389222,-1.3795645061579207,120,1592,1712,0,0,0,0,1,0,0
38,0,2,0,-0.8732045069874619,-0.4208422514510179,1.8416520170656192,64,1466,1530,0,1,0,0,0,0,0
39,0,2,0,-1.1431657147697487,-0.6263442685237791,0.0800262547987513,53,1552,1605,0,0,0,0,0,0,1
40,0,2,0,-1.1131578245612932,-0.8997752455683355,0.416820370874473,47,1491,1538,0,0,0,0,0,1,0
41,0,2,0,-0.9727874082939736,-0.5711692590250158,-0.7370169765767508,149,1597,1746,1,0,0,0,0,0,0
42,0,2,0,-0.8679746948622663,-0.3910655646910431,0.2278672300932909,288,1184,1472,0,0,1,0,0,0,0
43,0,2,0,-0.5730032517698066,-0.804489847936416,0.8131660692343115,397,1192,1589,0,0,0,1,0,0,0
44,0,2,0,-0.2640521789053785,-1.193054170939621,2.411096214169959,208,1705,1913,0,0,0,0,1,0,0
45,0,2,0,-0.7312309509505113,-1.48598530460955,1.1234509795940175,140,1675,1815,0,1,0,0,0,0,0
46,0,2,0,-0.5675475569373442,-0.9660605324309806,0.7206433443321946,218,1897,2115,0,0,0,0,0,0,1
47,0,2,0,-0.198693645009639,-0.5776677231435129,0.4999503906418943,259,2216,2475,0,0,0,0,0,1,0
48,0,2,0,0.0705899146508465,-0.5220829864349326,0.8542985872781251,579,2348,2927,1,0,0,0,0,0,0
49,0,2,1,-0.3137244136853548,-2.088336710009612,3.3224328429215078,532,1103,1635,0,0,1,0,0,0,0
50,0,2,0,-0.6712151705336008,-1.0406308846177208,0.4300495330360163,639,1173,1812,0,0,0,1,0,0,0
51,0,2,0,-0.6143805715773671,-0.1012407349839146,1.2910746404593574,195,912,1107,0,0,0,0,1,0,0
52,0,2,0,-0.9943372460192094,-0.2309336897007205,0.1496727054399841,74,1376,1450,0,1,0,0,0,0,0
53,0,2,0,-0.8703621495876855,-0.9681329898294748,-0.8839319105199824,139,1778,1917,0,0,0,0,0,0,1
54,0,2,0,-0.6384778642790027,0.3389349236466195,0.7074650635635803,100,1707,1807,0,0,0,0,0,1,0
55,0,2,0,-0.4229606634677072,0.4093651253062531,1.6848253877798156,120,1341,1461,1,0,0,0,0,0,0
56,0,2,0,-0.6797391054731066,-0.4208422514510179,0.056946454966151,424,1545,1969,0,0,1,0,0,0,0
57,0,2,0,-0.4884352759769033,0.256079506135784,-0.5670934767510194,694,1708,2402,0,0,0,1,0,0,0
58,0,2,0,-0.2882937855588792,1.191610597165497,1.1062734213411825,81,1365,1446,0,0,0,0,1,0,0
59,0,3,0,-0.7294113402530827,-0.4347396266956334,0.3607490758667008,137,1714,1851,0,1,0,0,0,0,0
60,0,3,0,-0.5150329647575917,-0.8416892671719174,1.2909423488377418,231,1903,2134,0,0,0,0,0,0,1
61,0,3,0,-0.9437928530083968,-1.46699968913139,0.4556835787936529,123,1562,1685,0,0,0,0,0,1,0
62,0,3,0,-0.745097639368846,-0.0754326850353092,0.227653528242989,214,1730,1944,1,0,0,0,0,0,0
63,0,3,0,-0.3607833110326446,0.776180556299973,0.7214574466190588,640,1437,2077,0,0,1,0,0,0,0
64,0,3,0,-0.3847676623806467,1.5341473088426036,1.651732129818786,114,491,605,0,0,0,1,0,0,0
65,0,3,0,-0.744871756661579,-0.3570629705460924,1.632041030755258,244,1628,1872,0,0,0,0,1,0,0
66,0,3,0,-0.64836650724158,-0.978662026267802,-0.6138840056885396,316,1817,2133,0,1,0,0,0,0,0
67,0,3,0,-0.6379100202510121,0.7106718454280282,0.3986557135988154,191,1700,1891,0,0,0,0,0,0,1
68,0,3,0,-0.3453354436634409,-2.983624013349484,0.8232812901485991,46,577,623,0,0,0,0,0,1,0
69,0,3,0,-0.5730032517698066,0.1110789522894105,0.5291156050688044,247,1730,1977,1,0,0,0,0,0,0
70,0,3,0,-0.5333326013060412,-0.1508701343404999,0.4050158877149422,724,1408,2132,0,0,1,0,0,0,0
71,0,3,0,-0.360215467004654,-0.4709909562246971,0.912089673366898,982,1435,2417,0,0,0,1,0,0,0
72,0,3,0,-0.5457247776074942,-0.6159867458011893,-0.4482548954260172,359,1687,2046,0,0,0,0,1,0,0
73,0,3,0,-0.5702769729834869,0.1400790630586852,0.0339277128050658,289,1767,2056,0,1,0,0,0,0,0
74,0,3,0,-0.4202343846813877,0.7159363636471912,0.2253231604468403,321,1871,2192,0,0,0,0,0,0,1
75,0,3,0,-0.2640521789053785,-0.1111647091472791,0.2910822726682965,424,2320,2744,0,0,0,0,0,1,0
76,0,3,0,0.1281052989887044,-0.4813484789472868,0.509241332990732,884,2355,3239,1,0,0,0,0,0,0
77,0,3,0,-0.0836597390741005,-1.1771700951543802,1.9049179410335535,1424,1693,3117,0,0,1,0,0,0,0
78,0,3,0,-0.5228761143154733,-0.7265511569433873,0.2721747470558752,1047,1424,2471,0,0,0,1,0,0,0
79,4,3,0,-0.2156285735350171,0.5295057189104587,1.097084241778203,401,1676,2077,0,0,0,0,1,0,0
80,4,3,0,-0.1803908712013666,-0.0079420378926204,0.4556428736793097,460,2243,2703,0,1,0,0,0,0,0
81,4,3,0,-0.4775207490521553,1.0162902297926473,0.5422531807230754,203,1918,2121,0,0,0,0,0,0,1
82,4,3,0,-0.6718959559152248,0.855581878146651,0.6391924105314309,166,1699,1865,0,0,0,0,0,1,0
83,4,3,0,-0.7372544898109643,-0.6253104219594727,0.5062698596436775,300,1910,2210,1,0,0,0,0,0,0
84,4,3,0,-0.732027814945592,-1.1057060469304405,0.2910008624396101,981,1515,2496,0,0,1,0,0,0,0
85,4,3,0,-0.7721533680837146,-0.6304891833207674,0.0338361262977935,472,1221,1693,0,0,0,1,0,0,0
86,4,3,0,-0.7366866457829737,-1.5439855261480997,0.3177950039560282,222,1806,2028,0,0,0,0,1,0,0
87,4,3,0,-0.6169939090100532,-1.486847637458119,0.4683225167972197,317,2108,2425,0,1,0,0,0,0,0
88,4,3,0,-0.6248370585679348,0.0972720981725454,-0.0822955649233853,168,1368,1536,0,0,0,0,0,0,1
89,4,3,0,-0.7241846653877103,1.391562239826199,0.3731743120199657,179,1506,1685,0,0,0,0,0,1,0
90,4,4,0,-0.6248370585679348,0.2858561928957589,0.7910326633101906,307,1920,2227,1,0,0,0,0,0,0
91,4,4,0,-0.577778161220645,0.1310174217438895,0.1645606010110131,898,1354,2252,0,0,1,0,0,0,0
92,4,4,0,-0.3790860848409172,-0.6967744701834124,0.0125982328892235,1651,1598,3249,0,0,0,1,0,0,0
93,4,4,0,0.2326795806738521,-0.9528539763191964,2.082025893540861,734,2381,3115,0,0,0,0,1,0,0
94,4,4,0,-0.2666655163380647,0.0754326850353089,2.107425884891025,167,1628,1795,0,1,0,0,0,0,0
95,4,4,0,-0.3398703370515091,-0.7404485321880028,0.8353503565513609,413,2395,2808,0,0,0,0,0,0,1
96,4,4,0,-0.1934638328844436,-0.1111647091472791,-0.1899198872468331,571,2570,3141,0,0,0,0,0,1,0
97,4,4,0,-0.5124196273249055,1.0004966751351565,0.4682818116828764,172,1299,1471,1,0,0,0,0,0,0
98,4,4,0,-0.4915035160839466,1.1970228077509906,-0.4873623340312565,879,1576,2455,0,0,1,0,0,0,0
99,4,4,0,-0.2274497685486564,1.101737410119071,-0.3481101378631341,1188,1707,2895,0,0,0,1,0,0,0
100,4,4,0,0.3027000826667963,0.4321478638800451,1.460285800784082,855,2493,3348,0,0,0,0,1,0,0
101,4,4,0,0.0104580556204794,0.5379670622201738,0.9555932643212044,257,1777,2034,0,1,0,0,0,0,0
102,4,4,0,-0.2718953284632601,0.9191086527478524,0.7086963932724623,209,1953,2162,0,0,0,0,0,0,1
103,4,4,0,-0.0993460381898636,-0.408931576747028,-0.7151379776172753,529,2738,3267,0,0,0,0,0,1,0
104,4,4,0,-0.1647045720856031,0.2143921446718192,0.4620030477954365,642,2484,3126,1,0,0,0,0,0,0
105,4,4,0,-0.2143799441254025,1.2486341433783197,1.6265051352045814,121,674,795,0,0,1,0,0,0,0
106,4,4,0,-0.1333319738540765,-0.6987611707240379,1.246807828611116,1558,2186,3744,0,0,0,1,0,0,0
107,4,4,0,0.041830653852006,-0.3990076025836635,-0.1771486576216509,669,2760,3429,0,0,0,0,1,0,0
108,4,4,0,0.0209145426110474,0.1885840947232135,-0.2340951125878022,409,2795,3204,0,1,0,0,0,0,0
109,4,4,0,0.3006545892621008,-0.0575666729793243,0.6202441798046661,613,3331,3944,0,0,0,0,0,0,1
110,4,4,0,-0.1254888242961949,-1.0441707371397466,1.4682640031953516,745,3444,4189,0,0,0,0,0,1,0
111,4,4,0,-0.5098031526323962,0.4923062996749573,0.3922548343683457,177,1506,1683,1,0,0,0,0,0,0
112,4,4,0,-0.1228754868635087,1.246652207107576,0.5062698596436775,1462,2574,4036,0,0,1,0,0,0,0
113,4,4,0,0.2588255040400065,0.879403227554631,0.1139743201609885,1710,2481,4191,0,0,0,1,0,0,0
114,4,4,0,0.3372569996188229,0.7166271827800231,0.0443482220769275,773,3300,4073,0,0,0,0,1,0,0
115,4,4,0,0.4156884951976397,0.490324363404214,1.480902941198918,678,3722,4400,0,1,0,0,0,0,0
116,4,4,0,0.3790860848409176,0.9965280383237872,1.3353821574219416,547,3325,3872,0,0,0,0,0,0,1
117,4,4,0,0.3712429352830357,0.3553335405790728,1.42399719134711,569,3489,4058,0,0,0,0,0,1,0
118,4,4,0,0.0339875042941245,-0.8059572430599474,0.6012959490779018,878,3717,4595,1,0,0,0,0,0,0
119,4,4,0,-0.0836597390741005,-0.5856097610361333,0.5505366714919189,1965,3347,5312,0,0,1,0,0,0,0
120,4,5,0,-0.1490182729698399,0.6471450708268268,-0.7593640843511732,1138,2213,3351,0,0,0,1,0,0,0
121,4,5,0,0.1568645597875449,0.4942930002155831,0.0252269946142045,847,3554,4401,0,0,0,0,1,0,0
122,4,5,0,0.3686295978503496,0.3374675285230879,1.645422837095588,603,3848,4451,0,1,0,0,0,0,0
123,4,5,0,-0.2666655163380647,0.5280383237869273,1.5063029325490815,255,2378,2633,0,0,0,0,0,0,1
124,4,5,0,-0.1254888242961949,-0.8674925528506413,1.1643392669517725,614,3819,4433,0,0,0,0,0,1,0
125,4,5,0,-0.0627436278331416,-0.1727047832078543,0.4810428650294729,894,3714,4608,1,0,0,0,0,0,0
126,4,5,0,0.0653601025256511,-0.4049629399356585,-0.2088681179735977,1612,3102,4714,0,0,1,0,0,0,0
127,4,5,0,0.0915028886319823,0.0258080499486053,-1.0821200241177802,1401,2932,4333,0,0,0,1,0,0,0
128,4,5,0,0.1045758503150594,-0.1786601205598493,-0.0506269859643678,664,3698,4362,0,0,0,0,1,0,0
129,4,5,0,0.1045758503150594,-0.6531004081788221,-0.6645516967672507,694,4109,4803,0,1,0,0,0,0,0
130,4,5,0,0.135948448546586,0.0317633873006003,-0.6139654159172261,550,3632,4182,0,0,0,0,0,0,1
131,4,5,0,0.1124189998729409,0.5776677231435129,0.0884522134677959,695,4169,4864,0,0,0,0,0,1,0
132,4,5,0,0.041830653852006,1.12952739633842,-0.0127203482322532,692,3413,4105,1,0,0,0,0,0,0
133,4,5,0,0.0679734399583373,1.4114149524228097,-0.4683632219115629,902,2507,3409,0,0,1,0,0,0,0
134,4,5,0,0.1986936450096393,1.1473934083944048,-0.2848950952881285,1582,2971,4553,0,0,0,1,0,0,0
135,4,5,0,0.2457525423569291,0.7702252189479779,-0.550577376606262,773,3185,3958,0,0,0,0,1,0,0
136,4,5,0,0.1960803075769532,1.008438713027777,0.9807795538210652,678,3445,4123,0,1,0,0,0,0,0
137,4,5,0,0.1594778972202311,1.1612907836390207,0.2087867077449112,536,3319,3855,0,0,0,0,0,0,1
138,4,5,0,0.0993460381898639,0.9687332878345556,-0.7404463824601663,735,3840,4575,0,0,0,0,0,1,0
139,4,5,0,0.1176488119981366,0.4446636008589975,-0.5694849022186831,909,4008,4917,1,0,0,0,0,0,0
140,4,5,0,0.3241840379357459,0.0019867005406254,-0.6138840056885396,2258,3547,5805,0,0,1,0,0,0,0
141,4,5,0,0.3294138500609413,0.587591697306877,-0.335481376138153,1576,3084,4660,0,0,0,1,0,0,0
142,4,5,0,0.4156884951976397,0.8754345907432618,0.5379893199956243,836,3438,4274,0,0,0,0,1,0,0
143,4,5,0,0.504576477767024,0.5459043358429122,0.2657738678254055,659,3833,4492,0,1,0,0,0,0,0
144,4,5,0,0.5071898151997101,0.3334988917117187,-0.2721340419415323,740,4238,4978,0,0,0,0,0,0,1
145,4,5,0,0.6562096567994617,0.2441688314317941,0.1899605923611764,758,3919,4677,0,0,0,0,0,1,0
146,4,5,0,0.5725514863552726,0.1310174217438895,0.6075645366867561,871,3808,4679,1,0,0,0,0,0,0
147,4,5,1,0.4915035160839469,0.4923062996749573,0.4998282752988646,2001,2757,4758,0,0,1,0,0,0,0
148,4,5,0,0.528105926440669,0.9171219522072266,0.3354406710238098,2355,2433,4788,0,0,0,1,0,0,0
149,4,5,0,0.7346411523782782,0.279900855543764,-0.5062698596436775,1549,2549,4098,0,0,0,0,1,0,0
150,4,5,0,0.8653613574295803,0.0496293993565852,-0.7087370983868054,673,3309,3982,0,1,0,0,0,0,0
151,4,6,0,0.8313754217653675,0.2421821308911683,0.2657738678254055,513,3461,3974,0,0,0,0,0,0,1
152,4,6,0,0.6771257680404207,-1.530521699462709,1.132741921942855,736,4232,4968,0,0,0,0,0,1,0
153,4,6,0,0.3790860848409176,-1.2962768421942796,0.7341777948513117,898,4414,5312,1,0,0,0,0,0,0
154,4,6,0,0.4261449821882074,-0.809925879871317,-0.5885247194527197,1869,3473,5342,0,0,1,0,0,0,0
155,4,6,0,0.4679740674103019,0.1250620843918945,-0.43028358744349,1685,3221,4906,0,0,0,1,0,0,0
156,4,6,0,0.5620918621048818,-0.1250620843918945,-0.6012043625706296,673,3875,4548,0,0,0,0,1,0,0
157,4,6,0,0.6535963193667756,-0.134986058555259,0.0695345115767888,763,4070,4833,0,1,0,0,0,0,0
158,4,6,0,0.8679746948622664,-0.0198527125966103,-0.4493641097918697,676,3725,4401,0,0,0,0,0,0,1
159,4,6,0,0.969935639114728,-0.2759322187323944,-0.3164008537897733,563,3352,3915,0,0,0,0,0,1,0
160,4,6,0,0.802616160966527,-0.1012407349839146,-0.4113353567167254,815,3771,4586,1,0,0,0,0,0,0
161,4,6,0,0.7084983662719473,0.1349860585552587,-0.265855278054092,1729,3237,4966,0,0,1,0,0,0,0
162,4,6,0,0.6065374220194855,0.5796544236841387,-0.1771486576216509,1467,2993,4460,0,0,0,1,0,0,0
163,4,6,0,0.4261449821882074,-0.6272971225000982,1.265674649109194,863,4157,5020,0,0,0,0,1,0,0
164,4,6,0,0.3294138500609413,-0.5677437489801483,0.8986468093550529,727,4164,4891,0,1,0,0,0,0,0
165,4,6,0,0.4000021960818762,-0.7364751311067518,-0.1329327271663388,769,4411,5180,0,0,0,0,0,0,1
166,4,6,0,0.4052288709472486,0.2957801670591231,0.2594543988236222,545,3222,3767,0,0,0,0,0,1,0
167,4,6,0,0.4705905421028111,0.5220829864349322,-0.3861490672168641,863,3981,4844,1,0,0,0,0,0,0
168,4,6,0,0.6196103837025628,0.21042350786045,-0.6265229436921064,1807,3312,5119,0,0,1,0,0,0,0
169,4,6,0,0.6274535332604444,0.1925574958044651,-0.8036716013137576,1639,3105,4744,0,0,0,1,0,0,0
170,4,6,0,0.4261449821882074,0.5717123857915178,-0.2594951039379655,699,3311,4010,0,0,0,0,1,0,0
171,6,6,0,0.5699350116627634,0.6868504960200482,-0.1012539719287356,774,4061,4835,0,1,0,0,0,0,0
172,6,6,0,0.7346411523782782,0.3870969278796735,-0.0886659153180978,661,3846,4507,0,0,0,0,0,0,1
173,6,6,0,0.7189548532625151,0.3672442152830628,0.5884840143383764,746,4044,4790,0,0,0,0,0,1,0
174,6,6,0,0.7058850288392612,-0.2521108693244145,0.4177362359471951,969,4022,4991,1,0,0,0,0,0,0
175,6,6,0,0.6143805715773674,-0.680895158668053,0.2910008624396101,1782,3420,5202,0,0,1,0,0,0,0
176,6,6,0,0.5673216742300773,-0.5379670622201734,-0.8796548206303696,1920,3385,5305,0,0,0,1,0,0,0
177,6,6,0,0.5751648237879591,0.1528520706112436,-0.7468065565762929,854,3854,4708,0,0,0,0,1,0,0
178,6,6,0,0.7686302253023142,0.0377187246525953,-0.3733880138702676,732,3916,4648,0,1,0,0,0,0,0
179,6,6,0,0.7189548532625151,-0.6114130467148573,0.8227114185477944,848,4377,5225,0,0,0,0,0,0,1
180,6,6,0,0.6196103837025628,-0.9151352516666011,0.0441345202266256,1027,4488,5515,0,0,0,0,0,1,0
181,6,7,0,0.7006552167140655,-1.095782072767076,-0.7974844239335895,1246,4116,5362,1,0,0,0,0,0,0
182,6,7,0,0.7503274514940417,-0.8655106165798973,-0.6707490504260045,2204,2915,5119,0,0,1,0,0,0,0
183,6,7,0,0.6823555801656161,0.267990180839774,0.4872707475239842,2282,2367,4649,0,0,0,1,0,0,0
184,6,7,1,0.7137281783971428,0.0555847367085802,-1.0124969789172948,3065,2978,6043,0,0,0,0,1,0,0
185,6,7,0,0.7764733748601961,-0.1707180826672289,-0.5568154353793588,1031,3634,4665,0,1,0,0,0,0,0
186,6,7,0,0.6928120671561838,0.5578150105469021,-0.3164008537897733,784,3845,4629,0,0,0,0,0,0,1
187,6,7,0,0.7869298618507639,0.1191067470398995,-0.2215884662058509,754,3838,4592,0,0,0,0,0,1,0
188,6,7,0,0.658826131491971,0.6272971225000985,0.4493234046775264,692,3348,4040,1,0,0,0,0,0,0
189,6,7,0,0.7346411523782782,-0.0813880223873042,-0.1329327271663388,1988,3348,5336,0,0,1,0,0,0,0
190,6,7,0,0.7790867122928822,-0.2282895199164346,0.0253999913501632,1743,3138,4881,0,0,0,1,0,0,0
191,6,7,0,0.826145609640172,0.0456559982753343,1.0314879500141194,723,3363,4086,0,0,0,0,1,0,0
192,6,7,0,0.9254932164599476,-0.3196015164671033,0.1961884748556877,662,3596,4258,0,1,0,0,0,0,0
193,6,7,0,0.7764733748601961,0.0258080499486053,-0.3545618984865331,748,3594,4342,0,0,0,0,0,0,1
194,6,7,0,0.5699350116627634,-0.7146404822393974,0.6074424213437267,888,4196,5084,0,0,0,0,0,1,0
195,6,7,0,0.515032964757592,-0.1667494458558593,0.018907525612421,1318,4220,5538,1,0,0,0,0,0,0
196,6,7,0,0.5882377854710361,-0.1965261326158342,0.2784942160576588,2418,3505,5923,0,0,1,0,0,0,0
197,6,7,0,0.6901987297234977,-0.1052093717952841,0.651872053649341,2006,3296,5302,0,0,0,1,0,0,0
198,6,7,0,0.7764733748601961,0.1191067470398995,0.3544296068649176,841,3617,4458,0,0,0,0,1,0,0
199,6,7,0,0.870591169554776,0.1151381102285303,-0.5126300337598043,752,3789,4541,0,1,0,0,0,0,0
200,6,7,0,0.8444452461886217,0.3851102273390477,-0.6834185172653287,644,3688,4332,0,0,0,0,0,0,1
201,6,7,0,0.9908517503556868,0.3096775423037388,0.4176955308328519,632,3152,3784,0,0,0,0,0,1,0
202,6,7,0,1.0954260320408349,-0.2183607814831887,-0.4871893372952978,562,2825,3387,1,0,0,0,0,0,0
203,6,7,0,1.098042506733344,-0.6014890725514928,-0.5063105647580207,987,2298,3285,0,0,1,0,0,0,0
204,6,7,0,1.037910647702977,-0.3593069416603241,-0.1201207924268134,1050,2556,3606,0,0,0,1,0,0,0
205,6,7,0,0.7660137506098049,0.6233237214188468,-0.917561458362484,568,3272,3840,0,0,0,0,1,0,0
206,6,7,0,0.8549048704390125,-0.4069496404762839,0.1962291799700309,750,3840,4590,0,1,0,0,0,0,0
207,6,7,0,0.8653613574295803,-1.0640186854664757,0.0253185811214767,755,3901,4656,0,0,0,0,0,0,1
208,6,7,0,0.8784343191126576,-0.2044681705084547,-0.0253999913501632,606,3784,4390,0,0,0,0,0,1,0
209,6,7,0,1.0640534338093082,-0.3990076025836635,-0.069575216691132,670,3176,3846,1,0,0,0,0,0,0
210,6,7,0,0.956865814691474,-0.7642698815959826,-0.1265725530502124,1559,2916,4475,0,0,1,0,0,0,0
211,6,7,0,0.9620924895568465,-0.6928058333720429,-0.1644690145037409,1524,2778,4302,0,0,0,1,0,0,0
212,6,8,0,0.8549048704390125,-0.3593069416603241,-0.2468561659343987,729,3537,4266,0,0,0,0,1,0,0
213,6,8,0,0.8915041435359115,-0.6431764340154577,0.2531349298218387,801,4044,4845,0,1,0,0,0,0,0
214,6,8,0,0.7294144775129059,0.1488834337998744,-0.46192163756675,467,3107,3574,0,0,0,0,0,0,1
215,6,8,0,0.6614394689246572,0.6253104219594727,0.1646013061253564,799,3777,4576,0,0,0,0,0,1,0
216,6,8,0,0.6640528063573433,0.0218346488673544,0.0378659326177713,1023,3843,4866,1,0,0,0,0,0,0
217,6,8,0,0.6823555801656161,0.6133997472554827,0.4810835701438162,1521,2773,4294,0,0,1,0,0,0,0
218,6,8,0,0.7634004131771187,0.6034757730921185,0.2087358263519822,1298,2487,3785,0,0,0,1,0,0,0
219,6,8,0,0.8339887591980536,-0.1627808090444898,0.1139743201609885,846,3480,4326,0,0,0,0,1,0,0
220,6,8,0,0.8653613574295803,-0.2660034802991485,-0.3038026209005498,907,3695,4602,0,1,0,0,0,0,0
221,6,8,0,0.8392185713232494,-0.962777950482561,0.1962291799700309,884,3896,4780,0,0,0,0,0,0,1
222,6,8,0,0.6849689175983023,-0.9647646510231864,-0.1646420112396996,812,3980,4792,0,0,0,0,0,1,0
223,6,8,0,0.6562096567994617,-1.0064520124871512,-0.563297724838515,1051,3854,4905,1,0,0,0,0,0,0
224,6,8,0,0.5856213107785269,0.4923062996749573,0.3101627950166762,1504,2646,4150,0,0,1,0,0,0,0
225,6,8,0,0.5568651872395095,0.9111666148552316,0.4239234133273632,1338,2482,3820,0,0,0,1,0,0,0
226,6,8,0,0.5228761143154735,0.4089315767470277,0.2847220985521698,775,3563,4338,0,0,0,0,1,0,0
227,6,8,0,0.6326802081258167,-0.2282895199164346,0.563297724838515,721,4004,4725,0,1,0,0,0,0,0
228,6,8,0,0.7032685541467516,-0.2421821308911686,-0.3796566014791221,668,4026,4694,0,0,0,0,0,0,1
229,6,8,0,0.6666692810498527,0.1349860585552587,0.5315375593722254,639,3166,3805,0,0,0,0,0,1,0
230,6,8,0,0.5830079733458408,0.4605476766442391,-0.4240149998346354,797,3356,4153,1,0,0,0,0,0,0
231,6,8,0,0.6222237211352489,0.2282895199164349,-0.7785667220425826,1914,3277,5191,0,0,1,0,0,0,0
232,6,8,0,0.6640528063573433,0.6848637954794224,0.689737986267112,1249,2624,3873,0,0,0,1,0,0,0
233,6,8,0,0.6039240845867994,-0.7444171689993723,0.9746330815552404,833,3925,4758,0,0,0,0,1,0,0
234,6,8,0,0.4444446187366568,-0.8138945166826865,-0.3481508429774773,1281,4614,5895,0,1,0,0,0,0,0
235,6,8,0,0.5464055629891187,-0.1012407349839146,0.7340455032296963,949,4181,5130,0,0,0,0,0,0,1
236,6,8,0,0.5803946359131545,0.6928058333720433,0.303843326014893,435,3107,3542,0,0,0,0,0,1,0
237,6,8,0,0.6300668706931306,0.6431764340154577,-0.9872262263051712,768,3893,4661,1,0,0,0,0,0,0
238,6,8,0,0.5673216742300773,1.066005386007101,1.9807312164977828,226,889,1115,0,0,1,0,0,0,0
239,6,8,0,0.6522127877847654,-0.307223943314717,1.2586428406064043,1415,2919,4334,0,0,0,1,0,0,0
240,6,8,0,0.4313747943134029,-0.3414409296043392,-0.2152282920897242,729,3905,4634,0,0,0,0,1,0,0
241,6,8,0,0.4392179438712845,-0.3712176163643141,-0.5695357836116121,775,4429,5204,0,1,0,0,0,0,0
242,6,8,0,0.4941199907764562,-0.134986058555259,-0.9936291407913584,688,4370,5058,0,0,0,0,0,0,1
243,6,9,0,0.4888901786512608,0.0615400740605752,-0.3986964187131586,783,4332,5115,0,0,0,0,0,1,0
244,6,9,0,0.4522877682945387,0.4803956249709674,-0.4176955308328522,875,3852,4727,1,0,0,0,0,0,0
245,6,9,1,0.5333357385658645,0.4307709898842642,0.044266811848241,1935,2549,4484,0,0,1,0,0,0,0
246,6,9,0,0.658826131491971,0.5518596731949071,0.259413693709279,2521,2419,4940,0,0,0,1,0,0,0
247,6,9,0,0.5464055629891187,0.7821358936519679,0.322801733020243,1236,2115,3351,0,0,0,0,1,0,0
248,6,9,0,0.1281052989887044,1.2420785080212438,1.658407768571072,204,2506,2710,0,1,0,0,0,0,0
249,6,9,0,0.3137275509451782,1.385606902474204,-0.8543413276481857,118,1878,1996,0,0,0,0,0,0,1
250,6,9,0,0.4227347807604404,1.4927172179522454,0.1198053277906535,153,1689,1842,0,0,0,0,0,1,0
251,6,9,0,0.4732038795354973,1.294294905923536,-0.5759366628420821,417,3127,3544,1,0,0,0,0,0,0
252,6,9,0,0.504576477767024,0.6074444099034877,-0.2784942160576588,1750,3595,5345,0,0,1,0,0,0,0
253,6,9,0,0.4836603665260653,0.4168736146396484,-0.6708304606546908,1633,3413,5046,0,0,0,1,0,0,0
254,6,9,0,0.4554720870150386,0.3140797276743334,-0.9368485591661556,690,4023,4713,0,0,0,0,1,0,0
255,6,9,0,0.4758172169681834,0.4109182772876534,-0.3986150084844722,701,4062,4763,0,1,0,0,0,0,0
256,6,9,0,0.5464055629891187,0.3374675285230879,-0.1391606096608501,647,4138,4785,0,0,0,0,0,0,1
257,6,9,0,0.2457525423569291,0.3950389657722943,0.9176052163604032,428,3231,3659,0,0,0,0,0,1,0
258,6,9,0,-0.0941162260646682,-0.1707180826672289,-0.1708800700127966,742,4018,4760,1,0,0,0,0,0,0
259,6,9,0,-0.0235278800437333,0.4387082635070025,0.0885336236964823,1434,3077,4511,0,0,1,0,0,0,0
260,6,9,0,0.0261443547362429,0.3275435543597237,-0.02535928623582,1353,2921,4274,0,0,0,1,0,0,0
261,6,9,0,0.1568645597875449,0.3037222049517438,-0.2974831518987663,691,3848,4539,0,0,0,0,1,0,0
262,6,9,0,0.1960803075769532,1.2148888198069754,-0.4683225167972197,438,3203,3641,0,1,0,0,0,0,0
263,6,9,0,0.3006545892621008,1.3042188800869,-0.8606160210241915,539,3813,4352,0,0,0,0,0,0,1
264,6,9,0,0.4052288709472486,1.3141428542502642,-0.5378163232596657,555,4240,4795,0,0,0,0,0,1,0
265,1,9,0,0.3451001491767048,1.6496284465026088,-1.0441706460156053,258,2137,2395,1,0,0,0,0,0,0
266,1,9,0,0.3372569996188229,1.1255587595270509,-1.044001719791081,1776,3647,5423,0,0,1,0,0,0,0
267,1,9,0,0.4235316447555213,1.042184036599121,-1.3289792429357548,1544,3466,5010,0,0,0,1,0,0,0
268,1,9,0,0.4705905421028111,1.0580633481144803,-0.7151379776172753,684,3946,4630,0,0,0,0,1,0,0
269,1,9,0,0.4313747943134029,1.2347415324035862,-0.6391110003027444,477,3643,4120,0,1,0,0,0,0,0
270,1,9,0,0.4261449821882074,1.060050048655106,-0.3291619071363698,480,3427,3907,0,0,0,0,0,0,1
271,1,9,0,0.3686295978503496,0.3473962669563345,-0.0823464463163143,653,4186,4839,0,0,0,0,0,1,0
272,1,9,0,0.2039234571348347,0.1012407349839146,0.2594951039379652,830,4372,5202,1,0,0,0,0,0,0
273,1,10,0,-0.279738478021142,0.6074444099034877,1.132833508450127,480,1949,2429,0,0,1,0,0,0,0
274,1,10,0,-0.4470579561693428,0.7880912310039628,0.4176141206041657,616,2302,2918,0,0,0,1,0,0,0
275,1,10,0,-0.3607833110326446,0.6411897334748318,-0.9935019373090358,330,3240,3570,0,0,0,0,1,0,0
276,1,10,0,-0.0470573287173781,0.3990076025836635,0.253175634936182,486,3970,4456,0,1,0,0,0,0,0
277,1,10,0,0.122875486863509,0.1032274355245404,-0.0379066377321145,559,4267,4826,0,0,0,0,0,0,1
278,1,10,0,-0.0156847304858517,-0.0258080499486053,-0.4683225167972197,639,4126,4765,0,0,0,0,0,1,0
279,1,10,0,0.0366008417268106,0.2759322187323947,-1.6137878398559038,949,4036,4985,1,0,0,0,0,0,0
280,1,10,1,0.0705899146508465,0.3573202411196987,-1.3796062289001223,2235,3174,5409,0,0,1,0,0,0,0
281,1,10,0,0.1307186364213906,0.4823823255115932,-1.1959671407964465,2397,3114,5511,0,0,0,1,0,0,0
282,1,10,0,0.2248364311159705,0.5121590122715681,-1.4111526925161104,1514,3603,5117,0,0,0,0,1,0,0
283,1,10,0,0.2117666066927163,0.8694792533912667,-0.3860167755952486,667,3896,4563,0,1,0,0,0,0,0
284,1,10,0,0.1385617859792722,1.333995566846875,0.6835915140012871,217,2199,2416,0,0,0,0,0,0,1
285,1,10,0,0.2823549527136515,1.288339568571541,-0.3987880052204309,290,2623,2913,0,0,0,0,0,1,0
286,1,10,0,0.1620912346529172,0.4287842893436384,0.4366437615596165,529,3115,3644,1,0,0,0,0,0,0
287,1,10,0,0.0235310173035567,-0.680895158668053,0.7846724891940644,1899,3318,5217,0,0,1,0,0,0,0
288,1,10,0,0.0392173164193199,-0.6650110828828121,1.025178657290922,1748,3293,5041,0,0,0,1,0,0,0
289,1,10,0,0.1098056624402548,-0.2223341825644396,-0.056946454966151,713,3857,4570,0,0,0,0,1,0,0
290,1,10,0,0.1045758503150594,0.3593069416603244,-0.7213760363903722,637,4111,4748,0,1,0,0,0,0,0
291,1,10,0,0.1335609938211669,1.2814313772432264,0.6346334377249908,254,2170,2424,0,0,0,0,0,0,1
292,1,10,0,-0.0732032520835324,0.0476426988159598,2.455536022754159,471,3724,4195,0,0,0,0,0,1,0
293,1,10,0,-0.2248364311159703,-0.2481374682431636,0.4113353567167254,676,3628,4304,1,0,0,0,0,0,0
294,1,10,0,-0.2405227302317334,0.0138973752446154,-0.8986498622386286,1499,2809,4308,0,0,1,0,0,0,0
295,1,10,0,-0.2431360676644196,0.547891036383538,-0.8289850942959414,1619,2762,4381,0,0,0,1,0,0,0
296,1,10,0,-0.1124189998729409,0.6947877696427867,-0.6327915313009609,699,3488,4187,0,0,0,0,1,0,0
297,1,10,0,-0.0862730765067866,-0.0158793115153594,-0.1456937805129353,695,3992,4687,0,1,0,0,0,0,0
298,1,10,0,-0.0470573287173781,0.4486370019402491,-0.3290296155147543,404,3490,3894,0,0,0,0,0,0,1
299,1,10,0,-0.0915028886319821,0.8893319659878776,0.1708393648984534,240,2419,2659,0,0,0,0,0,1,0
300,1,10,0,-0.5281059264406689,-0.1925574958044647,0.4935902165257675,456,3291,3747,1,0,0,0,0,0,0
301,1,10,0,-0.7686270880424909,1.2208441571589703,1.7339971659064135,57,570,627,0,0,1,0,0,0,0
302,1,10,0,-0.5647051995375678,-0.0119106747039899,-0.0443482220769275,885,2446,3331,0,0,0,1,0,0,0
303,1,10,0,-0.4993466656418284,0.3672442152830628,-0.7594047894655164,362,3307,3669,0,0,0,0,1,0,0
304,1,11,0,-0.3084977388199825,0.273945518191769,-0.4620437529097797,410,3658,4068,0,1,0,0,0,0,0
305,1,11,0,-0.3816994222736035,0.4406949640476283,-1.0062640082834906,370,3816,4186,0,0,0,0,0,0,1
306,1,11,0,-0.2849682901463374,0.3612888779310678,-0.4493641097918697,318,3656,3974,0,0,0,0,0,1,0
307,1,11,0,-0.3006545892621006,-0.0178660120559849,0.924046800705216,470,3576,4046,1,0,0,0,0,0,0
308,1,11,0,-0.5411757508639228,-0.5101723117309427,0.0822955649233853,1156,2770,3926,0,0,1,0,0,0,0
309,1,11,0,-0.4732038795354972,0.5161276490829373,-0.9048828328724328,952,2697,3649,0,0,0,1,0,0,0
310,1,11,0,-0.3267973753684318,0.6312657593114677,-1.2593144749930674,373,3662,4035,0,0,0,0,1,0,0
311,1,11,0,-0.2849682901463374,0.4545923392922441,-1.1391071841982745,376,3829,4205,0,1,0,0,0,0,0
312,1,11,0,-0.3111110762526686,0.6292790587708419,-1.20873022939876,305,3804,4109,0,0,0,0,0,0,1
313,1,11,0,-0.3738562727157218,0.8913139022586208,0.0823464463163143,190,2743,2933,0,0,0,0,0,1,0
314,1,11,1,-0.5490189004218046,-0.8575685786872768,1.360568446921803,440,2928,3368,1,0,0,0,0,0,0
315,1,11,1,-0.4470579561693428,-0.3493782032270782,0.3163499723968443,1275,2792,4067,0,0,1,0,0,0,0
316,1,11,0,-0.1830073458938758,-0.8000019057079525,1.025219362405265,1004,2713,3717,0,0,0,1,0,0,0
317,1,11,0,0.0967327007571778,-0.1866021584524697,1.2783542922271038,595,3891,4486,0,0,0,0,1,0,0
318,1,11,0,0.0967327007571778,0.2977668675997489,0.1898690058539041,449,3746,4195,0,1,0,0,0,0,0
319,1,11,0,-0.1333319738540765,1.4471469765347795,-0.44924199444884,145,1672,1817,0,0,0,0,0,0,1
320,1,11,0,-0.4941168535166328,-0.2402001946204245,1.265796764452224,139,2914,3053,0,0,0,0,0,1,0
321,1,11,0,-0.7058818915794376,-1.0302733618951312,-0.1266132581645556,245,3147,3392,1,0,0,0,0,0,0
322,1,11,0,-0.5333326013060412,-0.5915650983881283,0.4428818203327135,943,2720,3663,0,0,1,0,0,0,0
323,1,11,0,-0.1124189998729409,0.2779141550031381,0.0506269859643678,787,2733,3520,0,0,0,1,0,0,0
324,1,11,0,-0.162091234652917,1.35186157890286,-0.4367760531812319,220,2545,2765,0,0,0,0,1,0,0
325,1,11,1,-0.2588223667801831,1.601985747686649,-0.6327915313009609,69,1538,1607,0,1,0,0,0,0,0
326,1,11,0,-0.1830073458938758,0.6272971225000985,1.5757967390115268,112,2454,2566,0,0,0,0,0,0,1
327,1,11,0,-0.3947723839566806,-0.3672442152830631,-0.1391199045465069,560,935,1495,0,0,0,0,0,1,0
328,1,11,0,-0.3895425718314851,0.0833747229279296,-0.8352608052998058,1095,1697,2792,1,0,0,0,0,0,0
329,1,11,0,-0.3869292343987989,0.2640215440284048,-1.145382895202139,1249,1819,3068,0,0,1,0,0,0,0
330,1,11,0,-0.1254888242961949,0.3434228658750829,0.2847220985521698,810,2261,3071,0,0,0,1,0,0,0
331,1,11,0,0.0135262957275227,0.5564333722812395,-0.3953789518941871,253,3614,3867,0,0,0,0,1,0,0
332,1,11,0,-0.1281052989887041,0.9746886251865504,0.7847640757013363,96,2818,2914,0,1,0,0,0,0,0
333,1,11,0,-0.5464055629891184,-0.0615400740605752,0.9177273317034328,188,3425,3613,0,0,0,0,0,0,1
334,1,12,0,-0.5856213107785266,-0.4843690260522186,0.3987371238275018,182,3545,3727,0,0,0,0,0,1,0
335,1,12,0,-0.5803914986533312,-0.0019867005406254,-0.8163512444316676,268,3672,3940,1,0,0,0,0,0,0
336,1,12,0,-0.627450396000621,-0.0635220103313193,-0.8669344723981164,706,2908,3614,0,0,1,0,0,0,0
337,1,12,0,-0.5281059264406689,0.7126537816987716,-0.9872689666752316,634,2851,3485,0,0,0,1,0,0,0
338,1,12,0,-0.3555566361672723,0.9568226131305656,-1.2086030259164375,233,3578,3811,0,0,0,0,1,0,0
339,1,12,0,-0.1150323373056271,1.5404456736260734,0.5251773852560988,126,2468,2594,0,1,0,0,0,0,0
340,1,12,0,-0.279738478021142,1.6397044723392449,0.8670189355103787,50,655,705,0,0,0,0,0,0,1
341,1,12,0,-0.732027814945592,-0.2203474820238141,0.6012450676849729,150,3172,3322,0,0,0,0,0,1,0
342,1,12,0,-0.6535963193667753,0.331512191171093,-0.999903834167364,261,3359,3620,1,0,0,0,0,0,0
343,1,12,0,-0.7032685541467515,-0.5657570484395229,0.5316698509938408,502,2688,3190,0,0,1,0,0,0,0
344,1,12,0,-0.8732045069874619,-0.6491317713674526,-1.164505140292721,377,2366,2743,0,0,0,1,0,0,0
345,1,12,0,-0.8183024600822901,0.2124054441311934,-1.1959671407964465,143,3167,3310,0,0,0,0,1,0,0
346,1,12,0,-0.6797391054731066,-0.1727047832078543,-0.4113760618310687,155,3368,3523,0,1,0,0,0,0,0
347,1,12,0,-0.5699350116627633,0.1786601205598493,-1.2213233741486909,178,3562,3740,0,0,0,0,0,0,1
348,1,12,0,-0.2405227302317334,0.0377187246525953,0.8860180476300719,181,3528,3709,0,0,0,0,0,1,0
349,1,12,0,-0.3895425718314851,-0.5995023720108673,0.8100317754298844,178,3399,3577,1,0,0,0,0,0,0
350,1,12,0,-0.7555572636192369,-0.3116642428443643,0.6328831178082331,275,2464,2739,0,0,1,0,0,0,0
351,1,12,0,-0.8183024600822901,-0.1905707952638393,-0.1139336150466456,220,2211,2431,0,0,0,1,0,0,0
352,1,12,0,-0.698038742021556,0.0535980361679548,-0.0822141546946988,260,3143,3403,0,0,0,0,1,0,0
353,1,12,0,-0.3555566361672723,-0.1468967332592489,-1.2150904035148864,216,3534,3750,0,1,0,0,0,0,0
354,0,12,0,-0.2222230936832841,1.10570604693044,0.4113760618310687,107,2553,2660,0,0,0,0,0,0,1
355,0,12,0,-0.2379093927990473,0.6253104219594727,-1.360568446921803,227,2841,3068,0,0,0,0,0,1,0
356,0,12,0,-0.3947723839566806,0.2858561928957589,0.949151679976391,163,2046,2209,1,0,0,0,0,0,0
357,0,12,0,-0.6169939090100532,-0.3990076025836635,0.094934502926952,155,856,1011,0,0,1,0,0,0,0
358,0,12,1,-0.7039493395283757,0.262292114061385,-0.2634027949149136,303,451,754,0,0,0,1,0,0,0
359,0,12,0,-0.556636167272419,-0.5683440469852294,0.595210534483592,430,887,1317,0,0,0,0,1,0,0
360,0,12,0,-0.5464055629891184,0.6491317713674526,0.0760676824288742,103,1059,1162,0,1,0,0,0,0,0
361,0,12,0,-0.6275664746140778,-0.5828464845048076,1.149777012295489,255,2047,2302,0,0,0,0,0,0,1
362,0,12,0,-0.7869298618507635,-0.2481374682431636,-0.6264822385777634,254,2169,2423,0,0,0,0,0,1,0
363,0,12,0,-0.5882346482112127,0.0496293993565852,-0.47460128068466,491,2508,2999,1,0,0,0,0,0,0
364,0,12,0,-0.279738478021142,-0.0496293993565852,0.3986964187131586,665,1820,2485,0,0,1,0,0,0,0
365,0,1,1,-0.4052288709472484,0.3156328796557338,0.1138929099323023,686,1608,2294,0,0,0,1,0,0,0
366,0,1,0,-0.7094081716206613,-1.1669888504174093,1.513110862922983,244,1707,1951,0,0,0,0,1,0,0
367,0,1,0,-1.0954260320408344,-0.8813899280952567,1.8795179496833905,89,2147,2236,0,1,0,0,0,0,0
368,0,1,0,-1.2287595745248228,-1.0084387130277768,0.0379066377321145,95,2273,2368,0,0,0,0,0,0,1
369,0,1,0,-0.732027814945592,-0.4863509623229627,-0.5188680925329011,140,3132,3272,0,0,0,0,0,1,0
370,0,1,0,-0.5176463021902779,-0.4009943031242889,-0.1329734322806821,307,3791,4098,1,0,0,0,0,0,0
371,0,1,0,-0.3320271874936272,-0.4506189382109928,-0.0632659239679345,1070,3451,4521,0,0,1,0,0,0,0
372,0,1,0,-0.50718981519971,-0.7682385184073521,0.1075327358161756,599,2826,3425,0,0,0,1,0,0,0
373,0,1,0,-0.8627448827370708,0.3593069416603244,-0.8352180649297456,106,2270,2376,0,0,0,0,1,0,0
374,0,1,0,-0.5975554471457994,0.0965812790397134,0.0669293842588234,173,3425,3598,0,1,0,0,0,0,0
375,0,1,0,-0.7058818915794376,1.0540947113031112,-0.5063105647580207,92,2085,2177,0,0,0,0,0,0,1
376,0,1,0,-0.3660131231578402,0.8416892671719177,-8.141022868646821e-05,269,3828,4097,0,0,0,0,0,1,0
377,0,1,0,-0.7058818915794376,-0.5657570484395229,2.0060803264550167,174,3040,3214,1,0,0,0,0,0,0
378,0,1,0,-1.0013082373462547,-0.803970542519322,0.0631743374606623,333,2160,2493,0,0,1,0,0,0,0
379,0,1,0,-1.0431373225683491,-0.9865992998905408,0.7152193878459614,284,2027,2311,0,0,0,1,0,0,0
380,0,1,0,-0.969935639114728,-0.4942930002155831,0.5127114439884904,217,2081,2298,0,0,0,0,1,0,0
381,0,1,0,-0.3956821893053949,0.4280077133529382,1.7111921255956302,127,2808,2935,0,1,0,0,0,0,0
382,0,1,0,-0.6143805715773671,-0.8714659539318922,2.385869219555754,109,3267,3376,0,0,0,0,0,0,1
383,0,1,0,-0.969935639114728,-0.6133997472554827,0.3987371238275018,130,3162,3292,0,0,0,0,0,1,0
384,0,1,0,-0.8836609939780297,-0.8397025666312918,0.2215884662058509,115,3048,3163,1,0,0,0,0,0,0
385,0,1,1,-1.0222243485872131,0.9766753257271764,0.4240149998346354,67,1234,1301,0,0,1,0,0,0,0
386,0,1,0,-1.0562102842514265,0.809925879871317,0.1899198872468331,196,1781,1977,0,0,0,1,0,0,0
387,0,1,0,-0.8810476565453434,1.357816916254855,-0.7150565673885888,145,2287,2432,0,0,0,0,1,0,0
388,0,1,0,-0.4915035160839466,0.9985099745945304,-0.5821645453365931,439,3900,4339,0,1,0,0,0,0,0
389,0,1,0,-0.6431366951163844,0.0833747229279296,-0.2025486489718141,467,3803,4270,0,0,0,0,0,0,1
390,0,1,0,-0.4941168535166328,0.6828770949387967,-1.0947559092377712,244,3831,4075,0,0,0,0,0,1,0
391,0,1,0,-0.2326795806738519,0.547891036383538,1.645422837095588,269,3187,3456,1,0,0,0,0,0,0
392,0,1,0,-0.5751648237879587,-0.395038965772294,0.3038026209005498,775,3248,4023,0,0,1,0,0,0,0
393,0,1,0,-0.6797391054731066,-1.5007450127027344,0.6011636574562864,558,2685,3243,0,0,0,1,0,0,0
394,0,1,0,-0.721568190695201,-1.0739474238997215,0.3543074915218879,126,3498,3624,0,0,0,0,1,0,0
395,0,1,0,-0.3424836744841951,-0.9985099745945308,0.8226707134334509,324,4185,4509,0,1,0,0,0,0,0
396,0,2,0,-0.0941162260646682,-0.5637703478988975,0.0823464463163143,304,4275,4579,0,0,0,0,0,0,1
397,0,2,0,-0.3137244136853548,0.2223341825644399,0.0632150425750056,190,3571,3761,0,0,0,0,0,1,0
398,0,2,0,-0.5830079733458404,-0.4744402876189728,-0.0252269946142045,310,3841,4151,1,0,0,0,0,0,0
399,0,2,0,-0.7372544898109643,0.7305197937547565,-0.6012043625706296,384,2448,2832,0,0,1,0,0,0,0
400,0,2,0,-0.732027814945592,0.2937982307883797,-0.050667691078711,318,2629,2947,0,0,0,1,0,0,0
401,0,2,0,-0.679397144152383,-0.0194191640373853,-0.2765403705691846,206,3578,3784,0,0,0,0,1,0,0
402,0,2,0,-0.4549011057272246,-0.6193550846074777,-0.341882255368623,199,4176,4375,0,1,0,0,0,0,0
403,0,2,0,-0.7607839384846093,0.4605476766442391,-0.4808698682935143,109,2693,2802,0,0,0,0,0,0,1
404,0,2,0,-0.7346411523782781,-0.3057089054923693,0.1329225508877531,163,3667,3830,0,0,0,0,0,1,0
405,0,2,0,-0.684968917598302,-0.4109182772876534,-0.6517499383063111,227,3604,3831,1,0,0,0,0,0,0
406,0,2,0,-0.8627448827370708,0.5002483375675781,1.107392811985621,192,1977,2169,0,0,1,0,0,0,0
407,0,2,0,-1.1660143780617696,-0.7702252189479776,2.32260329558782,73,1456,1529,0,0,0,1,0,0,0
408,0,2,0,-0.8679746948622663,-1.0243180245431365,-0.1393336063968088,94,3328,3422,0,0,0,0,1,0,0
409,0,2,0,-0.5647051995375678,-0.559801711087528,-0.4049751826005989,135,3787,3922,0,1,0,0,0,0,0
410,0,2,0,-0.4732038795354972,-0.4526056387516183,0.0063601741161264,141,4028,4169,0,0,0,0,0,0,1
411,0,2,0,-0.5725483490954495,0.6034757730921185,-0.9112857473586196,74,2931,3005,0,0,0,0,0,1,0
412,0,2,0,-0.4888901786512605,0.0397006609233393,0.2530942247074955,349,3805,4154,1,0,0,0,0,0,0
413,0,2,1,-0.4784305544008695,-0.4367263272362588,0.1012946770430785,1435,2883,4318,0,0,1,0,0,0,0
414,0,2,0,-0.6875822550309881,-0.5260563875161836,0.7340862083440398,618,2071,2689,0,0,0,1,0,0,0
415,0,2,0,-0.6875822550309881,-0.5642038964581225,0.4895604102057898,502,2627,3129,0,0,0,0,1,0,0
416,0,2,0,-0.6630300596549955,-0.1519897377626749,0.2517814847699271,163,3614,3777,0,1,0,0,0,0,0
417,0,2,0,-0.3241840379357457,-0.2779141550031385,0.544390199226094,394,4379,4773,0,0,0,0,0,0,1
418,0,2,0,-0.1411751234119581,-0.3414409296043392,0.1011318565857059,516,4546,5062,0,0,0,0,0,1,0
419,0,2,0,-0.2875816275790235,0.530025024327553,0.5758959577277386,246,3241,3487,1,0,0,0,0,0,0
420,0,2,0,-0.6535963193667753,-1.0977687733077013,2.449094438409346,317,2415,2732,0,0,1,0,0,0,0
421,0,2,0,-0.6901955924636743,-1.0302733618951312,0.2468154608200555,515,2874,3389,0,0,0,1,0,0,0
422,0,2,0,-0.4156853579378163,-0.6451631345560831,0.8859264611227994,253,4069,4322,0,0,0,0,1,0,0
423,0,2,0,-0.4392148066114612,-1.0977687733077013,0.1266132581645556,229,4134,4363,0,1,0,0,0,0,0
424,0,3,0,-0.0418306538520058,-0.0516113356273293,0.4682309302899475,325,4665,4990,0,0,0,0,0,0,1
425,0,3,0,-0.4575175804197338,0.1468967332592486,-0.3670685448684844,246,2948,3194,0,0,0,0,0,1,0
426,0,3,0,-0.2666655163380647,-0.0238213494079799,-0.2024672387431277,956,3110,4066,1,0,0,0,0,0,0
427,0,3,0,-0.5437922255564323,-1.0620367491957314,1.563035685664931,710,2713,3423,0,0,1,0,0,0,0
428,0,3,0,-0.8026161609665269,-0.5717123857915178,0.4872707475239842,203,3130,3333,0,0,0,1,0,0,0
429,0,3,0,-0.7555572636192369,-0.8079391793306915,0.2025079438574709,221,3735,3956,0,0,0,0,1,0,0
430,0,3,0,-0.2980381145695913,-0.5379670622201734,1.677091416054606,432,4484,4916,0,1,0,0,0,0,0
431,0,3,0,0.0888895511992962,-0.279900855543764,2.6518160841171183,486,4896,5382,0,0,0,0,0,0,1
432,0,3,0,-0.2771251405884558,-1.0441707371397466,2.3794683403252845,447,4122,4569,0,0,0,0,0,1,0
433,0,3,0,-0.6640528063573432,-1.314142854250265,0.4556428736793097,968,3150,4118,1,0,0,0,0,0,0
434,0,3,0,-0.4311457743463126,-0.7112721434331088,0.4234553045124162,1658,3253,4911,0,0,1,0,0,0,0
435,0,3,0,-0.1019593756225498,-0.6531004081788221,0.272093336827189,838,4460,5298,0,0,0,1,0,0,0
436,0,3,0,0.2065367945675209,-0.0416873614639648,0.5696171938402985,762,5085,5847,0,0,0,0,1,0,0
437,0,3,0,0.2300662432411659,-0.5677437489801483,-0.6707490504260045,997,5315,6312,0,1,0,0,0,0,0
438,0,3,0,0.1830073458938761,-0.2223341825644396,-0.3164008537897733,1005,5187,6192,0,0,0,0,0,0,1
439,0,3,0,-0.198693645009639,1.0282866613545054,-0.6897786913814552,548,3830,4378,0,0,0,0,0,1,0
440,0,3,0,0.0470604659772015,0.6173683840668519,-0.715097272502932,3155,4681,7836,1,0,0,0,0,0,0
441,0,3,0,-0.0836597390741005,0.8754345907432618,-0.5504552612632324,2207,3685,5892,0,0,1,0,0,0,0
442,0,3,0,0.1437915981044676,0.4883376628635882,-0.1898690058539041,982,5171,6153,0,0,0,1,0,0,0
443,0,3,0,0.1934638328844439,0.8655106165798976,-0.6075645366867564,1051,5042,6093,0,0,0,0,1,0,0
444,4,3,0,0.1019625128823732,0.9290326269112166,-0.9302818065947372,1122,5108,6230,0,1,0,0,0,0,0
445,4,3,0,0.1725508589033081,0.9766753257271764,-0.645308353961498,1334,5537,6871,0,0,0,0,0,0,1
446,4,3,0,0.3215707005030598,0.3235749175483546,-0.658150817536781,2469,5893,8362,0,0,0,0,0,1,0
447,4,3,0,0.0104580556204794,1.2347415324035862,0.1201614975411566,1033,2339,3372,1,0,0,0,0,0,0
448,4,3,0,-0.1934638328844436,1.2129021192663496,0.4050158877149422,1532,3464,4996,0,0,1,0,0,0,0
449,4,3,0,-0.1673210467781124,-0.7066984443467769,2.094746241773115,795,4763,5558,0,0,0,1,0,0,0
450,4,3,0,-0.5516353751143138,-1.601985747686649,0.0632659239679345,531,4571,5102,0,0,0,0,1,0,0
451,4,3,0,-0.0470573287173781,-0.6908191328314174,1.1264733343340008,674,5024,5698,0,1,0,0,0,0,0
452,4,3,0,-0.0156847304858517,-0.8913139022586212,1.4111954328861709,834,5299,6133,0,0,0,0,0,0,1
453,4,3,0,-0.4052288709472484,-0.2163788452124446,-0.4366437615596165,796,4663,5459,0,0,0,0,0,1,0
454,4,3,0,-0.235292918106538,0.5339936611389222,0.7086963932724623,2301,3934,6235,1,0,0,0,0,0,0
455,4,4,0,-0.2300662432411657,0.2382134940797991,-0.0886150339251688,2347,3694,6041,0,0,1,0,0,0,0
456,4,4,0,-0.2047171838700922,-0.5807740271063133,1.3347614044282077,1208,4728,5936,0,0,0,1,0,0,0
457,4,4,0,-0.1019593756225498,-1.0937953722264504,-0.822670713433451,1348,5424,6772,0,0,0,0,1,0,0
458,4,4,0,0.1333351111138999,-0.7464038695399977,0.0,1058,5378,6436,0,1,0,0,0,0,0
459,4,4,0,-0.2013069824423252,-1.20099144456236,0.3923362445970322,1192,5265,6457,0,0,0,0,0,0,1
460,4,4,0,-0.3006545892621006,-1.187098833587626,1.2151799547664417,1807,4653,6460,0,0,0,0,0,1,0
461,4,4,0,-0.1934638328844436,-1.772703830353878,0.9555118540925178,3252,3605,6857,1,0,0,0,0,0,0
462,4,4,0,0.0026149060625978,-1.6694811590992191,0.5253096768777142,2230,2939,5169,0,0,1,0,0,0,0
463,4,4,0,-0.0313710296016149,-1.4709683259427595,1.8034502672545163,905,4680,5585,0,0,0,1,0,0,0
464,4,4,0,-0.1647045720856031,-0.9111666148552316,0.6960574552688953,819,5099,5918,0,0,0,0,1,0,0
465,4,4,0,-0.4720650542196928,-0.7464896263978665,1.1631384660786472,482,4380,4862,0,1,0,0,0,0,0
466,4,4,0,-0.3189542258105502,-0.7622831810553572,1.1138343963304336,663,4746,5409,0,0,0,0,0,0,1
467,4,4,0,-0.1777775337686804,-1.0382153997877517,-0.2595358090523088,1252,5146,6398,0,0,0,0,0,1,0
468,4,4,0,-0.0130713930531653,-0.5875916973068773,0.1011725617000491,2795,4665,7460,1,0,0,0,0,0,0
469,4,4,0,0.3372569996188229,-0.5637703478988975,0.4493234046775264,2846,4286,7132,0,0,1,0,0,0,0
470,4,4,0,0.5176494394501012,-0.3076908417631134,1.0568472362499393,1198,5172,6370,0,0,0,1,0,0,0
471,4,4,0,0.3424836744841953,-1.123572058986425,0.9428729160889509,989,5702,6691,0,0,0,0,1,0,0
472,4,4,0,-0.1124189998729409,-0.2719588176511435,-0.1329327271663388,347,4020,4367,0,1,0,0,0,0,0
473,4,4,0,-0.0026149060625975,-0.0655087108719447,-1.170738110926525,846,5719,6565,0,0,0,0,0,0,1
474,4,4,0,0.08627621376661,0.325556853819098,-0.316522969132803,1340,5950,7290,0,0,0,0,0,1,0
475,4,4,0,0.2222230936832843,0.2699768813803998,1.0442082982463727,2541,4083,6624,1,0,0,0,0,0,0
476,4,4,0,-0.3215675632432364,0.9965280383237872,1.6645440645583114,120,907,1027,0,0,1,0,0,0,0
477,4,4,0,-0.5568620499796861,0.6689844839640633,1.246807828611116,195,3019,3214,0,0,0,1,0,0,0
478,4,4,0,-0.269281991030574,-0.8198498540346815,0.6961388654975817,518,5115,5633,0,0,0,0,1,0,0
479,4,4,0,-0.0705867773910232,-0.944911938426576,-0.6327915313009609,655,5541,6196,0,1,0,0,0,0,0
480,4,4,0,-0.0026149060625975,0.6213417851481035,-0.044266811848241,475,4551,5026,0,0,0,0,0,0,1
481,4,4,0,-0.1307186364213903,-1.0739474238997215,1.6959582365526835,1014,5219,6233,0,0,0,0,0,1,0
482,4,4,0,-0.3843127597062897,-0.651118471908078,-0.5189902078759308,1120,3100,4220,1,0,0,0,0,0,0
483,4,4,0,-0.1281052989887041,-0.1866021584524697,-0.6519636401566129,2229,4075,6304,0,0,1,0,0,0,0
484,4,4,0,-0.1098025251804314,-0.267990180839774,-0.0950159131556385,665,4907,5572,0,0,0,1,0,0,0
485,4,5,0,0.3581699735999587,0.1588074079632386,-0.253175634936182,653,5087,5740,0,0,0,0,1,0,0
486,4,5,0,0.2039234571348347,0.8138945166826862,-0.4367353480668887,667,5502,6169,0,1,0,0,0,0,0
487,4,5,0,0.1908504954517577,0.6769217575868016,-0.4811242752581594,764,5657,6421,0,0,0,0,0,0,1
488,4,5,0,0.4026155335145624,0.5201010501641888,-0.1835495368521209,1069,5227,6296,0,0,0,0,0,1,0
489,4,5,0,0.384315896966113,0.6213417851481035,-0.2847628036665133,2496,4387,6883,1,0,0,0,0,0,0
490,4,5,0,0.1986936450096393,0.541935699031543,-0.3164415589041165,2135,4224,6359,0,0,1,0,0,0,0
491,4,5,0,0.1202621494308228,0.1806468211004751,0.5062291545293343,1008,5265,6273,0,0,0,1,0,0,0
492,4,5,0,0.2588255040400065,0.2838694923551331,1.1708215564109286,738,4990,5728,0,0,0,0,1,0,0
493,4,5,0,0.2379093927990475,0.5617884116281537,0.3606167842450854,620,4097,4717,0,1,0,0,0,0,0
494,4,5,0,0.0209145426110474,-0.3533516043083292,1.354340564427292,1026,5546,6572,0,0,0,0,0,0,1
495,4,5,0,0.1071891877477455,-1.2665001554343047,0.5694849022186831,1319,5711,7030,0,0,0,0,0,1,0
496,4,5,0,0.2039234571348347,-0.694787769642787,-0.5886163059599918,2622,4807,7429,1,0,0,0,0,0,0
497,4,5,0,0.3555566361672725,-0.2382134940797991,0.4492012893344967,2172,3946,6118,0,0,1,0,0,0,0
498,4,5,0,0.2326795806738521,0.7781624925707163,0.3227610279058998,342,2501,2843,0,0,0,1,0,0,0
499,4,5,0,0.3529432987345864,0.8019838419786962,-0.3417499637470076,625,4490,5115,0,0,0,0,1,0,0
500,4,5,0,0.4313747943134029,0.3414409296043395,-0.5949357749617753,991,6433,7424,0,1,0,0,0,0,0
501,4,5,0,0.2954247771369054,-0.5062036749195731,0.4935495114114243,1242,6142,7384,0,0,0,0,0,0,1
502,4,5,0,0.2039234571348347,-0.4903243634042136,-0.4493641097918697,1521,6118,7639,0,0,0,0,0,1,0
503,4,5,0,0.3163408883778643,-0.809925879871317,-0.9870990228228488,3410,4884,8294,1,0,0,0,0,0,0
504,4,5,0,0.3816994222736038,-0.4565742755629878,0.7468574379692218,2704,4425,7129,0,0,1,0,0,0,0
505,4,5,0,0.3111110762526686,0.8813899280952567,0.5314968542578821,630,3729,4359,0,0,0,1,0,0,0
506,4,5,0,0.3633997857251542,0.6650110828828117,-0.6391517054170875,819,5254,6073,0,0,0,0,1,0,0
507,4,5,0,0.384315896966113,0.7066984443467765,-0.8036716013137576,766,4494,5260,0,1,0,0,0,0,0
508,4,5,0,0.4888901786512608,0.4307709898842642,-0.0822141546946988,1059,5711,6770,0,0,0,0,0,0,1
509,4,5,0,0.5673216742300773,0.575681022602887,-0.4113760618310687,1417,5317,6734,0,0,0,0,0,1,0
510,4,5,0,0.6065374220194855,0.5062036749195731,0.1833460112804047,2855,3681,6536,1,0,0,0,0,0,0
511,4,5,1,0.5986942724616039,0.3374675285230879,0.3479880225201044,3283,3308,6591,0,0,1,0,0,0,0
512,4,5,0,0.6692826184825388,0.2382134940797991,0.1582004268948866,2557,3486,6043,0,0,0,1,0,0,0
513,4,5,0,0.7006552167140655,0.2779141550031381,1.1644206771804582,880,4863,5743,0,0,0,0,1,0,0
514,4,5,0,0.4941199907764562,0.2084368073198242,-0.4746826909133465,745,6110,6855,0,1,0,0,0,0,0
515,4,5,0,0.5673216742300773,-0.6352343961228372,0.1455614888913199,1100,6238,7338,0,0,0,0,0,0,1
516,4,6,0,0.4862768412185746,0.6153864477961085,0.5758552526133957,533,3594,4127,0,0,0,0,0,1,0
517,4,6,0,0.2640521789053788,-0.3672442152830631,0.0568548684588788,2795,5325,8120,1,0,0,0,0,0,0
518,4,6,0,0.3241840379357459,-0.6332524598520931,0.0316685789590175,2494,5147,7641,0,0,1,0,0,0,0
519,4,6,0,0.3084977388199825,-0.663029146612068,1.0568879413642829,1071,5927,6998,0,0,0,1,0,0,0
520,4,6,0,0.1307186364213906,-0.0615400740605752,0.2910415675539533,968,6033,7001,0,0,0,0,1,0,0
521,4,6,0,0.1725508589033081,-0.0714640482239397,-1.0568065311355963,1027,6028,7055,0,1,0,0,0,0,0
522,4,6,0,0.3241840379357459,-0.2818875560843894,-0.2404145815895855,1038,6456,7494,0,0,0,0,0,0,1
523,4,6,0,0.4705905421028111,-0.7543411431627367,-0.056905749851808,1488,6248,7736,0,0,0,0,0,1,0
524,4,6,0,0.6640528063573433,-0.9012426406918672,-0.3733473087559244,2708,4790,7498,1,0,0,0,0,0,0
525,4,6,0,0.7137281783971428,-0.4188603151802739,-0.4808698682935143,2224,4374,6598,0,0,1,0,0,0,0
526,4,6,0,0.69542540458887,-0.1826287573712188,0.272093336827189,1017,5647,6664,0,0,0,1,0,0,0
527,4,6,0,0.4836603665260653,0.9865992998905404,0.3416278484039779,477,4495,4972,0,0,0,0,1,0,0
528,4,6,0,0.4915035160839469,-0.2104235078604497,1.6516507195900996,1173,6248,7421,0,1,0,0,0,0,0
529,4,6,0,0.4679740674103019,-0.2699768813803995,0.7404056773458231,1180,6183,7363,0,0,0,0,0,0,1
530,4,6,0,0.4392179438712845,-0.1746914837484798,-0.0443482220769275,1563,6102,7665,0,0,0,0,0,1,0
531,4,6,0,0.4156884951976397,-0.5816363599548824,-0.1456021940056631,2963,4739,7702,1,0,0,0,0,0,0
532,4,6,0,0.2928114397042193,-0.1310174217438895,-0.3670685448684844,2634,4344,6978,0,0,1,0,0,0,0
533,4,6,0,0.2169932815580889,0.7225825201320182,-0.0633880393109642,653,4446,5099,0,0,0,1,0,0,0
534,4,6,0,0.5934644603364084,0.3037222049517438,-0.3353897896308808,968,5857,6825,0,0,0,0,1,0,0
535,4,6,0,0.8888908061032256,-0.1627808090444898,-0.6834693986582577,872,5339,6211,0,1,0,0,0,0,0
536,6,6,0,0.9620924895568465,-0.2779141550031385,-0.63284241269389,778,5127,5905,0,0,0,0,0,0,1
537,6,6,0,0.8732045069874621,-0.250124168783789,0.0189991121196932,964,4859,5823,0,0,0,0,0,1,0
538,6,6,0,0.7294144775129059,-0.4367263272362588,-0.0127610533465964,2657,4801,7458,1,0,0,0,0,0,0
539,6,6,0,0.7660137506098049,-0.7007431069947819,-0.3607490758667008,2551,4340,6891,0,0,1,0,0,0,0
540,6,6,0,0.6797391054731068,-0.5816363599548824,1.2151290733735127,1139,5640,6779,0,0,0,1,0,0,0
541,6,6,0,0.4130720205051304,-1.204964845643611,1.6960498230599563,1077,6365,7442,0,0,0,0,1,0,0
542,6,6,0,0.6222237211352489,-1.2684868559749305,0.924006095590873,1077,6258,7335,0,1,0,0,0,0,0
543,6,6,0,0.7843165244180776,-0.9707199883751814,-0.0948937978126088,921,5958,6879,0,0,0,0,0,0,1
544,6,6,0,1.0509836093860545,-0.6550871087194475,-0.1583225422379163,829,4634,5463,0,0,0,0,0,1,0
545,6,6,0,0.8339887591980536,-0.1191067470398995,-0.2025486489718141,1455,4232,5687,1,0,0,0,0,0,0
546,6,7,0,0.9934650877883732,-0.5121590122715681,-0.1266539632788988,1421,4110,5531,0,0,1,0,0,0,0
547,6,7,0,0.8862774686705391,-0.8535999418759073,0.1454393735482902,904,5323,6227,0,0,0,1,0,0,0
548,6,7,0,0.8836609939780299,-0.639207797204088,-0.5570291372296607,1052,5608,6660,0,0,0,0,1,0,0
549,6,7,1,0.909806917344184,-0.4168736146396484,-0.4683632219115629,2562,4841,7403,0,1,0,0,0,0,0
550,6,7,0,1.0300674981450957,-0.8019838419786965,0.1328411406590666,1405,4836,6241,0,0,0,0,0,0,1
551,6,7,0,1.0326808355777812,-0.8357339298199223,-0.3544703119792608,1366,4841,6207,0,0,0,0,0,1,0
552,6,7,0,1.1372582545227523,-0.639207797204088,-0.1772809492432664,1448,3392,4840,1,0,0,0,0,0,0
553,6,7,0,1.0143811990293317,-0.250124168783789,-0.5632163146098289,1203,3469,4672,0,0,1,0,0,0,0
554,6,7,0,0.6640528063573433,0.2719588176511431,0.0,998,5571,6569,0,0,0,1,0,0,0
555,6,7,0,0.69542540458887,0.1965261326158342,-0.2975340332916955,954,5336,6290,0,0,0,0,1,0,0
556,6,7,0,0.6823555801656161,0.0337453235713444,-0.2975747384060385,975,6289,7264,0,1,0,0,0,0,0
557,6,7,0,0.6797391054731068,-0.4605476766442387,-0.3480287276344476,1032,6414,7446,0,0,0,0,0,0,1
558,6,7,0,0.7294144775129059,-0.668984483964063,-1.018899893403482,1511,5988,7499,0,0,0,0,0,1,0
559,6,7,0,0.6405233576836983,0.3473962669563345,-0.3795344861360925,2355,4614,6969,1,0,0,0,0,0,0
560,6,7,0,0.7738569001676868,0.4367263272362592,-0.1456021940056631,1920,4111,6031,0,0,1,0,0,0,0
561,6,7,0,0.8287589470728582,0.0893300602799246,-0.1708393648984534,1088,5742,6830,0,0,0,1,0,0,0
562,6,7,0,1.001308237346255,-0.5736990863321434,-0.6771906347708174,921,5865,6786,0,0,0,0,1,0,0
563,6,7,0,0.9228767417674384,-0.2342448572684296,-0.443003935675743,799,4914,5713,0,1,0,0,0,0,0
564,6,7,0,0.8496750583138171,-0.123075383851269,-0.1582004268948866,888,5703,6591,0,0,0,0,0,0,1
565,6,7,0,0.5228761143154735,1.038215399787752,0.2848543901737853,747,5123,5870,0,0,0,0,0,1,0
566,6,7,0,0.303267926694787,1.1394561347716663,0.3289482052860679,1264,3195,4459,1,0,0,0,0,0,0
567,6,7,0,0.528105926440669,0.6491317713674526,-0.8858877912641737,2544,4866,7410,0,0,1,0,0,0,0
568,6,7,0,0.7607870757444326,0.3235749175483546,-0.4303751739507622,1135,5831,6966,0,0,0,1,0,0,0
569,6,7,0,0.78954319928345,0.1369727590958845,0.3101627950166762,1140,6452,7592,0,0,0,0,1,0,0
570,6,7,0,0.7058850288392612,-0.8397025666312918,-0.1646013061253564,1383,6790,8173,0,1,0,0,0,0,0
571,6,7,0,0.870591169554776,-0.140941395907254,1.056684415792567,1036,5825,6861,0,0,0,0,0,0,1
572,6,7,0,0.8862774686705391,-0.1508701343404999,-0.2847628036665133,1259,5645,6904,0,0,0,0,0,1,0
573,6,7,0,0.8052294983992134,-0.0615400740605752,-0.2404145815895855,2234,4451,6685,1,0,0,0,0,0,0
574,6,7,0,0.6980418792813793,-0.0119106747039899,-0.1076548511592053,2153,4444,6597,0,0,1,0,0,0,0
575,6,7,0,0.7267980028203966,0.2024814699678292,-0.2784026295503866,1040,6065,7105,0,0,0,1,0,0,0
576,6,7,0,0.671895955915225,0.3712176163643144,-0.1582411320092299,968,6248,7216,0,0,0,0,1,0,0
577,6,8,0,0.6849689175983023,0.2441688314317941,-0.4049751826005989,1074,6506,7580,0,1,0,0,0,0,0
578,6,8,0,0.7947730114086454,0.1588074079632386,-0.5253096768777142,983,6278,7261,0,0,0,0,0,0,1
579,6,8,0,0.8366020966307398,0.0774193855759347,0.3543074915218879,1328,5847,7175,0,0,0,0,0,1,0
580,6,8,0,0.9228767417674384,-0.0615400740605752,0.7783123150779376,2345,4479,6824,1,0,0,0,0,0,0
581,6,8,0,0.847061720881131,0.1250620843918945,1.1137529861017477,1707,3757,5464,0,0,1,0,0,0,0
582,6,8,0,0.7947730114086454,0.1330041222845153,-0.5253096768777142,1233,5780,7013,0,0,0,1,0,0,0
583,6,8,0,0.7424843019361601,0.3692309158236886,-0.6519636401566129,1278,5995,7273,0,0,0,0,1,0,0
584,6,8,0,0.7869298618507639,0.2223341825644399,-0.7151379776172753,1263,6271,7534,0,1,0,0,0,0,0
585,6,8,0,0.8052294983992134,-0.0277899862193494,-0.2531349298218387,1196,6090,7286,0,0,0,0,0,0,1
586,6,8,0,0.6797391054731068,0.4267975888030126,0.5885756008456489,1065,4721,5786,0,0,0,0,0,1,0
587,6,8,0,0.6065374220194855,0.508190375460199,0.2595358090523085,2247,4052,6299,1,0,0,0,0,0,0
588,6,8,0,0.6326802081258167,-0.4565742755629878,-0.5949357749617753,2182,4362,6544,0,0,1,0,0,0,0
589,6,8,0,0.69542540458887,-0.3851102273390481,-0.4555207583362803,1207,5676,6883,0,0,0,1,0,0,0
590,6,8,0,0.7137281783971428,0.2878428934363847,-0.1202530840484288,1128,5656,6784,0,0,0,0,1,0,0
591,6,8,0,0.6509829819340894,-0.0317633873006003,-0.114015025275332,1198,6149,7347,0,1,0,0,0,0,0
592,6,8,0,0.6901987297234977,-0.5101723117309427,-0.3986964187131586,1338,6267,7605,0,0,0,0,0,0,1
593,6,8,0,0.7032685541467516,-0.2640215440284045,0.5126707388741475,1483,5665,7148,0,0,0,0,0,1,0
594,6,8,0,0.5620918621048818,-0.109182772876535,-0.0316278738446742,2827,5038,7865,1,0,0,0,0,0,0
595,6,8,0,0.4287583196208936,0.4069496404762843,-0.9619127333229874,1208,3341,4549,0,0,1,0,0,0,0
596,6,8,0,0.4287583196208936,0.5141457128121939,-0.5189495027615876,1026,5504,6530,0,0,0,1,0,0,0
597,6,8,0,0.4705905421028111,0.2263028193758091,-1.1011160833538978,1081,5925,7006,0,0,0,0,1,0,0
598,6,8,0,0.528105926440669,0.2421821308911683,-1.126429576336082,1094,6281,7375,0,1,0,0,0,0,0
599,6,8,0,0.6169939090100536,0.0456559982753343,-0.9807815890767824,1363,6402,7765,0,0,0,0,0,0,1
600,6,8,0,0.6379100202510122,-0.0535980361679548,-1.1074762574700243,1325,6257,7582,0,0,0,0,0,1,0
601,6,8,0,0.5098062898922197,0.4129049778282793,0.6455118795332142,1829,4224,6053,1,0,0,0,0,0,0
602,6,8,0,0.4836603665260653,1.0461526734104902,0.4872707475239842,1483,3772,5255,0,0,1,0,0,0,0
603,6,8,0,0.6405233576836983,0.496279700756209,-0.5316291458794975,989,5928,6917,0,0,0,1,0,0,0
604,6,8,0,0.7189548532625151,-0.0297766867599748,0.1012539719287356,935,6105,7040,0,0,0,0,1,0,0
605,6,8,0,0.5830079733458408,-0.3533516043083292,-0.6961897468905108,1177,6520,7697,0,1,0,0,0,0,0
606,6,8,0,0.6509829819340894,-0.1707180826672289,-1.0568909942478586,1172,6541,7713,0,0,0,0,0,0,1
607,6,8,0,0.8313754217653675,-0.1846154579118443,-0.1266132581645556,1433,5917,7350,0,0,0,0,0,1,0
608,6,9,0,0.7973863488413315,0.0575666729793243,-0.6898295727743842,2352,3788,6140,1,0,0,0,0,0,0
609,6,9,1,0.6196103837025628,0.8992559401512417,-1.1896497070503802,2613,3197,5810,0,0,1,0,0,0,0
610,6,9,0,0.6535963193667756,0.7841178299227113,-0.3038026209005498,1965,4069,6034,0,0,0,1,0,0,0
611,6,9,0,0.7111117037046335,0.6133997472554827,0.5632163146098289,867,5997,6864,0,0,0,0,1,0,0
612,6,9,0,0.7451007766286694,0.547891036383538,0.0695345115767888,832,6280,7112,0,1,0,0,0,0,0
613,6,9,0,0.6196103837025628,0.8774212912838876,-0.3923362445970322,611,5592,6203,0,0,0,0,0,0,1
614,6,9,0,0.6405233576836983,0.524069686975558,-0.094934502926952,1045,6459,7504,0,0,0,0,0,1,0
615,6,9,0,0.5019631403343378,0.8238232551159328,1.0189405985178248,1557,4419,5976,1,0,0,0,0,0,0
616,6,9,0,0.347713486609391,-0.3751862531756836,0.4428818203327135,2570,5657,8227,0,0,1,0,0,0,0
617,6,9,0,0.2640521789053788,-0.5836230604955078,0.7910835447031196,1118,6407,7525,0,0,0,1,0,0,0
618,6,9,0,0.2457525423569291,-0.5062036749195731,-0.9048828328724328,1070,6697,7767,0,0,0,0,1,0,0
619,6,9,0,0.3137275509451782,-0.2342448572684296,-0.4999503906418943,1050,6820,7870,0,1,0,0,0,0,0
620,6,9,0,0.3555566361672725,0.0516113356273293,-0.9998621114251623,1054,6750,7804,0,0,0,0,0,0,1
621,6,9,0,0.420915170063012,0.2203474820238141,-0.7847131943084074,1379,6630,8009,0,0,0,0,0,1,0
622,6,9,0,0.3424836744841953,-0.5935470346588724,0.6771906347708174,3160,5554,8714,1,0,0,0,0,0,0
623,6,9,0,0.253595691914811,-0.267990180839774,-0.9239216324786108,2166,5167,7333,0,0,1,0,0,0,0
624,6,9,0,0.2562090293474972,0.5161276490829373,-0.2974831518987663,1022,5847,6869,0,0,0,1,0,0,0
625,6,9,0,0.3895425718314854,1.1732014583430106,1.7972529135957624,371,3702,4073,0,0,0,0,1,0,0
626,6,9,0,0.1673210467781127,-0.4267975888030129,0.3480287276344476,788,6803,7591,0,1,0,0,0,0,0
627,6,9,0,0.1490214102296633,-0.0377187246525953,-0.6391517054170875,939,6781,7720,0,0,0,0,0,0,1
628,6,9,0,0.3137275509451782,0.2024814699678292,-0.2721747470558755,1250,6917,8167,0,0,0,0,0,1,0
629,6,9,0,0.4732038795354973,0.0972720981725454,1.0441675931320291,2512,5883,8395,1,0,0,0,0,0,0
630,1,9,0,0.0941193633244916,-0.7583145442439877,0.4302835874434897,2454,5453,7907,0,0,1,0,0,0,0
631,1,9,0,0.0470604659772015,-0.6352343961228372,-0.3925092413329908,1001,6435,7436,0,0,0,1,0,0,0
632,1,9,0,0.1594778972202311,-0.267990180839774,0.5632163146098289,845,6693,7538,0,0,0,0,1,0,0
633,1,9,0,0.4261449821882074,0.0218346488673544,0.6454304693045277,787,6946,7733,0,1,0,0,0,0,0
634,1,9,0,0.4732038795354973,0.307690841763113,-0.474550399291731,751,6642,7393,0,0,0,0,0,0,1
635,1,9,0,0.3764727474082312,0.3037222049517438,-0.1709207751271399,1045,6370,7415,0,0,0,0,0,1,0
636,1,9,0,0.135948448546586,-0.397020902043038,0.4745096941773878,2589,5966,8555,1,0,0,0,0,0,0
637,1,9,0,0.08627621376661,-0.2044681705084547,-0.4682818116828767,2015,4874,6889,0,0,1,0,0,0,0
638,1,10,0,0.0679734399583373,0.1091827728765354,-0.917603181104686,763,6015,6778,0,0,0,1,0,0,0
639,1,10,0,0.2875816275790238,1.1692328215316414,-0.7784853118138961,315,4324,4639,0,0,0,0,1,0,0
640,1,10,0,0.4967333282091423,0.798015205167327,-1.1644634175505189,728,6844,7572,0,1,0,0,0,0,0
641,1,10,0,0.4967333282091423,0.4605476766442391,-0.6454711744188709,891,6437,7328,0,0,0,0,0,0,1
642,1,10,0,0.3633997857251542,0.0059553373519949,-0.7594047894655164,1516,6640,8156,0,0,0,0,0,1,0
643,1,10,0,0.1725508589033081,0.1806468211004751,0.8858450508941129,3031,4934,7965,1,0,0,0,0,0,0
644,1,10,0,-0.2614388414726923,0.3910655646910427,-0.4051481793365576,781,2729,3510,0,0,1,0,0,0,0
645,1,10,0,-0.3633997857251539,0.3970209020430377,0.0885743288108256,874,4604,5478,0,0,0,1,0,0,0
646,1,10,0,-0.1647045720856031,0.6451631345560834,0.0948937978126088,601,5791,6392,0,0,0,0,1,0,0
647,1,10,0,0.0470604659772015,0.0218346488673544,0.0696668031984042,780,6911,7691,0,1,0,0,0,0,0
648,1,10,0,-0.2013069824423252,-0.7761805562999726,0.0063194690017832,834,6736,7570,0,0,0,0,0,0,1
649,1,10,0,-0.1934638328844436,-0.414886914099023,0.5507096682278773,1060,6222,7282,0,0,0,0,0,1,0
650,1,10,0,-0.3320271874936272,-0.6272971225000982,-0.3544703119792608,2252,4857,7109,1,0,0,0,0,0,0
651,1,10,1,0.0705899146508465,0.0674954114125705,0.9935813122820047,2080,4559,6639,0,0,1,0,0,0,0
652,1,10,0,0.1960803075769532,0.3870969278796735,1.170902966639615,760,5115,5875,0,0,0,1,0,0,0
653,1,10,0,-0.0967327007571775,-0.3235749175483542,0.01267964311791,922,6612,7534,0,0,0,0,1,0,0
654,1,10,0,-0.1359484485465857,0.3176195801963596,-0.8100724805442273,979,6482,7461,0,1,0,0,0,0,0
655,1,10,0,0.0732032520835327,0.4863509623229624,0.5694849022186831,1008,6501,7509,0,0,0,0,0,0,1
656,1,10,0,0.2013069824423255,0.8992559401512417,-0.4683225167972197,753,4671,5424,0,0,0,0,0,1,0
657,1,10,0,-0.0470573287173781,-0.2540928055951585,-0.6455627609261432,2806,5284,8090,1,0,0,0,0,0,0
658,1,10,0,-0.1098025251804314,-0.5538463737355329,-0.1518402527787601,2132,4692,6824,0,0,1,0,0,0,0
659,1,10,0,-0.0366008417268103,-0.2759322187323944,-1.012455256175093,830,6228,7058,0,0,0,1,0,0,0
660,1,10,0,0.1411782606717814,0.0734507487645655,-0.8795276171480471,841,6625,7466,0,0,0,0,1,0,0
661,1,10,0,0.2771251405884558,0.0476426988159598,-1.101030602613777,795,6898,7693,0,1,0,0,0,0,0
662,1,10,0,0.1594778972202311,0.8297785924679277,-0.5759773679564251,875,6484,7359,0,0,0,0,0,0,1
663,1,10,0,0.1464049355371538,0.861537215498646,-0.4936309216401107,1182,6262,7444,0,0,0,0,0,1,0
664,1,10,0,0.0967327007571778,0.4466503013996233,0.5568154353793588,2643,5209,7852,1,0,0,0,0,0,0
665,1,10,0,-0.067973439958337,0.325556853819098,2.208588270312488,998,3461,4459,0,0,1,0,0,0,0
666,1,10,0,-0.185620683326562,1.2089334824549804,1.80349097236886,2,20,22,0,0,0,1,0,0,0
667,1,10,0,-0.5677954004633732,0.9490663817633278,0.3259869082175994,87,1009,1096,0,0,0,0,1,0,0
668,1,10,0,-0.4444446187366567,0.1925574958044651,-0.1456021940056631,419,5147,5566,0,1,0,0,0,0,0
669,1,11,0,-0.4183018326303256,-0.2124054441311937,-0.2404552867039287,466,5520,5986,0,0,0,0,0,0,1
670,1,11,0,-0.4522877682945384,-0.4962797007562086,0.8670189355103787,618,5229,5847,0,0,0,0,0,1,0
671,1,11,0,-0.4888901786512605,-0.6431764340154577,0.911326452472963,1029,4109,5138,1,0,0,0,0,0,0
672,1,11,0,-0.5437922255564323,-0.4446636008589978,-0.0189991121196935,1201,3906,5107,0,0,1,0,0,0,0
673,1,11,0,-0.5647051995375678,-0.6292790587708422,0.5632570197241719,378,4881,5259,0,0,0,1,0,0,0
674,1,11,0,-0.684968917598302,-0.2818875560843894,-0.0759353908072588,466,5220,5686,0,0,0,0,1,0,0
675,1,11,0,-0.6379100202510121,-0.3751862531756836,1.2530357111056274,326,4709,5035,0,1,0,0,0,0,0
676,1,11,0,-0.4611536645547678,-1.394844821774619,1.698013844827016,340,4975,5315,0,0,0,0,0,0,1
677,1,11,0,-0.4313716570535795,-0.4069496404762839,0.3417499637470076,709,5283,5992,0,0,0,0,0,1,0
678,1,11,0,-0.3450970119168813,0.0913167608205504,-1.252997041247001,2090,4446,6536,1,0,0,0,0,0,0
679,1,11,1,-0.2457525423569291,0.1568254716924952,-0.5441764973757921,2290,4562,6852,0,0,1,0,0,0,0
680,1,11,0,-0.0444439912846919,0.5498777369241638,-0.0758946856929156,1097,5172,6269,0,0,0,1,0,0,0
681,1,11,0,-0.4888901786512605,0.1746914837484801,1.639103368093805,327,3767,4094,0,0,0,0,1,0,0
682,1,11,0,-0.6588229942321476,-0.3533516043083292,0.1897875956252177,373,5122,5495,0,1,0,0,0,0,0
683,1,11,0,-0.5568620499796861,-0.0277899862193494,-0.2848136850594422,320,5125,5445,0,0,0,0,0,0,1
684,1,11,0,-0.4836603665260651,-0.4843690260522186,-0.1012539719287356,484,5214,5698,0,0,0,0,0,1,0
685,1,11,0,-0.5464055629891184,-0.3851102273390481,-0.01267964311791,1313,4316,5629,1,0,0,0,0,0,0
686,1,11,0,-0.4915035160839466,0.3176195801963596,0.4745911044060742,922,3747,4669,0,0,1,0,0,0,0
687,1,11,0,-0.3712429352830356,-0.0138973752446154,0.5504552612632324,449,5050,5499,0,0,0,1,0,0,0
688,1,11,0,-0.3921559092641712,0.279900855543764,-0.999819371055102,534,5100,5634,0,0,0,0,1,0,0
689,1,11,0,-0.4575175804197338,-0.0595533735199497,-0.7909919581958476,615,4531,5146,0,1,0,0,0,0,0
690,1,11,0,-0.4993466656418284,-0.2183607814831887,-1.3036240272113688,955,1470,2425,0,0,0,0,0,0,1
691,1,11,0,-0.4104586830724439,-0.273945518191769,-0.3353490845165376,1603,2307,3910,0,0,0,0,0,1,0
692,1,11,0,-0.6928120671561837,-1.0560814118437365,1.9934922698443795,532,1745,2277,1,0,0,0,0,0,0
693,1,11,0,-0.7947730114086453,-0.7523592068919926,-0.310122089902333,309,2115,2424,0,0,1,0,0,0,0
694,1,11,0,-0.5830079733458404,-0.4327529261550079,-1.3669286210379294,337,4750,5087,0,0,0,1,0,0,0
695,1,11,0,-0.6509798446742661,0.764269881595983,0.5758450763348096,123,3836,3959,0,0,0,0,1,0,0
696,1,11,1,-0.6352935455585027,-0.5717123857915178,0.3037212106718633,198,5062,5260,0,1,0,0,0,0,0
697,1,11,0,-0.6848528389848454,-0.3363479251009132,-0.6660679622765353,243,5080,5323,0,0,0,0,0,0,1
698,1,11,0,-0.6300668706931304,0.1111647091472787,-1.2466368671308743,362,5306,5668,0,0,0,0,0,1,0
699,1,12,0,-0.6300668706931304,0.8595552792279026,-1.2340854451231458,951,4240,5191,1,0,0,0,0,0,0
700,1,12,0,-0.4758172169681833,0.9389566010745808,-0.5759366628420821,892,3757,4649,0,0,1,0,0,0,0
701,1,12,0,-0.1464049355371538,0.6729531207754325,-0.9998621114251623,555,5679,6234,0,0,0,1,0,0,0
702,1,12,0,-0.0732032520835324,0.5121590122715681,-0.0696668031984042,551,6055,6606,0,0,0,0,1,0,0
703,1,12,0,-0.1908504954517574,-0.6729531207754325,1.4556759465847136,331,5398,5729,0,1,0,0,0,0,0
704,1,12,0,-0.7634004131771186,-0.559801711087528,-0.0633066290822778,340,5035,5375,0,0,0,0,0,0,1
705,1,12,0,-0.5594785246721954,0.6570738092600734,-0.5126300337598043,349,4659,5008,0,0,0,0,0,1,0
706,1,12,0,-0.3686264605905263,1.357816916254855,-0.809991070315541,1153,4429,5582,1,0,0,0,0,0,0
707,1,12,0,-0.3607833110326446,1.330026930035506,-0.234054407473459,441,2787,3228,0,0,1,0,0,0,0
708,1,12,0,-0.198693645009639,1.4233256271267998,0.0949752080412953,329,4841,5170,0,0,0,1,0,0,0
709,1,12,0,-0.4575175804197338,-0.140941395907254,1.170902966639615,282,5219,5501,0,0,0,0,1,0,0
710,1,12,0,-0.6326802081258166,-0.4188603151802739,-0.1835597131307066,310,5009,5319,0,1,0,0,0,0,0
711,1,12,0,-0.6379100202510121,-0.668984483964063,-0.0696668031984042,425,5107,5532,0,0,0,0,0,0,1
712,1,12,0,-0.6823524429057927,0.0794060861165605,-0.5062291545293343,429,5182,5611,0,0,0,0,0,1,0
713,1,12,0,-0.5490189004218046,0.1151381102285303,-0.7594047894655164,767,4280,5047,1,0,0,0,0,0,0
714,1,12,0,-0.4287583196208934,1.0124073498391462,-0.8164733597746971,538,3248,3786,0,0,1,0,0,0,0
715,1,12,0,-0.3320271874936272,1.3379642036582442,-0.841748182898255,212,4373,4585,0,0,0,1,0,0,0
716,1,12,0,-0.2771251405884558,0.1905707952638393,0.4114167669454119,433,5124,5557,0,0,0,0,1,0,0
717,1,12,0,-0.5228761143154733,-0.0039686368113695,0.0317194603519464,333,4934,5267,0,1,0,0,0,0,0
718,1,12,0,-0.530719263873355,0.19851283315646,-0.493671626754454,314,3814,4128,0,0,0,0,0,0,1
719,0,12,0,-0.5411757508639228,-0.3315121911710933,1.9681736887229024,221,3402,3623,0,0,0,0,0,1,0
720,0,12,0,-0.732027814945592,-0.8813899280952567,2.3036143597467125,205,1544,1749,1,0,0,0,0,0,0
721,0,12,0,-0.7947730114086453,-0.5280383237869276,-0.4873623340312565,408,1379,1787,0,0,1,0,0,0,0
722,0,12,0,-0.8403542593792304,0.786361801036943,-1.055733951372653,174,746,920,0,0,0,1,0,0,0
723,0,12,1,-0.6521186699900704,0.5170805030592569,-0.1246492363974957,440,573,1013,0,0,0,0,1,0,0
724,0,12,0,-0.8026161609665269,0.9389566010745808,1.3796082641558394,9,432,441,0,1,0,0,0,0,0
725,0,12,0,-0.7686270880424909,0.1270487849325203,1.7213989330171904,247,1867,2114,0,0,0,0,0,0,1
726,0,12,0,-0.7712435627350002,-0.1727047832078543,-0.2595358090523088,644,2451,3095,0,0,0,0,0,1,0
727,0,12,0,-0.7712435627350002,0.6034757730921185,-0.5758959577277388,159,1182,1341,1,0,0,0,0,0,0
728,0,12,0,-0.7634004131771186,-0.680895158668053,1.7277184020189735,364,1432,1796,0,0,1,0,0,0,0
729,0,12,0,-0.8888908061032252,-0.2322581567278041,-0.2658959831684352,439,2290,2729,0,0,0,1,0,0,0
